Workbook

Sheet baseline
A1: Al demand (kt) | B1: China | C1: North America | D1: Europe | E1: South America | F1: Other Asia | G1: Other main producer | H1: Middle East | I1: Japan | J1: UK | K1: Rest of World | M1: Primary Al ingot (kt) | N1: China | O1: North America | P1: Europe | Q1: South America | R1: Other Asia | S1: Other main producer | T1: Middle East | U1: Japan | V1: UK | W1: Rest of World | Y1: Secondary Al ingot (kt) | Z1: China | AA1: North America | AB1: Europe | AC1: South America | AD1: Other Asia | AE1: Other main producer | AF1: Middle East | AG1: Japan | AH1: UK | AI1: Rest of World | AK1: Al scrap (kt) | AL1: China | AM1: North America | AN1: Europe | AO1: South America | AP1: Other Asia | AQ1: Other main producer | AR1: Middle East | AS1: Japan | AT1: UK | AU1: Rest of World
A2: 2024 | B2: 52063.346 | C2: 12091.977 | D2: 19675.334 | E2: 3206.1493 | F2: 12335.054 | G2: 4675.8185 | H2: 2377.6878 | I2: 2168.6251 | J2: 1277.6314 | K2: 7513.826 | M2: 2024 | N2: 47590.729 | O2: 3022.5071 | P2: 4341.2141 | Q2: 1146.2753 | R2: 5338.3826 | S2: 7522.9688 | T2: 4631.2702 | U2: 83.01662 | V2: 130.30304 | W2: 416.5011 | Y2: 2024 | Z2: 20899.864 | AA2: 6903.0847 | AB2: 10184.143 | AC2: 1988.6998 | AD2: 4748.863 | AE2: 1840.6124 | AF2: 695.33408 | AG2: 1992.3989 | AH2: 357.87278 | AI2: 234.28187 | AK2: 2024 | AL2: 21700.116 | AM2: 7052.1123 | AN2: 9306.1934 | AO2: 2156.4623 | AP2: 5321.641 | AQ2: 2186.9319 | AR2: 938.87311 | AS2: 1909.9176 | AT2: 363.34278 | AU2: 1521.8586
A3: 2025 | B3: 48201.403 | C3: 11192.711 | D3: 15259.783 | E3: 3252.494 | F3: 13252.914 | G3: 6481.0241 | H3: 2975.9627 | I3: 2065.2325 | J3: 1435.2593 | K3: 7574.5945 | M3: 2025 | N3: 43065.226 | O3: 2198.6575 | P3: 2184.8088 | Q3: 1157.7531 | R3: 5702.9483 | S3: 11153.876 | T3: 5759.6019 | U3: 108.87491 | V3: 159.84984 | W3: 576.20885 | Y3: 2025 | Z3: 20615.11 | AA3: 6981.5911 | AB3: 9213.1315 | AC3: 2048.6391 | AD3: 5055.559 | AE3: 2077.5853 | AF3: 891.92945 | AG3: 2612.9977 | AH3: 439.02205 | AI3: 324.11748 | AK3: 2025 | AL3: 22829.861 | AM3: 6972.772 | AN3: 9121.6994 | AO3: 2236.362 | AP3: 5693.3159 | AQ3: 2491.7701 | AR3: 1061.8586 | AS3: 2138.9105 | AT3: 410.49429 | AU3: 1825.8742
A4: 2026 | B4: 47471.367 | C4: 11194.609 | D4: 15263.075 | E4: 3340.6729 | F4: 14090.174 | G4: 6391.6951 | H4: 2950.6165 | I4: 1996.2944 | J4: 1426.7508 | K4: 8456.2837 | M4: 2026 | N4: 41038.089 | O4: 2267.9319 | P4: 2359.3886 | Q4: 1163.4255 | R4: 6040.9486 | S4: 10657.455 | T4: 5600.3247 | U4: 99.965155 | V4: 163.39198 | W4: 617.58749 | Y4: 2026 | Z4: 21688.368 | AA4: 6903.0442 | AB4: 9030.4824 | AC4: 2124.5439 | AD4: 5408.6501 | AE4: 2367.1816 | AF4: 1008.7656 | AG4: 2399.1637 | AH4: 448.75043 | AI4: 347.39296 | AK4: 2026 | AL4: 24444.032 | AM4: 7012.2848 | AN4: 9179.9226 | AO4: 2323.915 | AP4: 6121.6177 | AQ4: 2521.1849 | AR4: 1091.2741 | AS4: 2054.7872 | AT4: 425.23936 | AU4: 2054.4107
A5: 2027 | B5: 46657.246 | C5: 11209.22 | D5: 15202.142 | E5: 3425.1026 | F5: 14950.266 | G5: 6339.587 | H5: 2928.168 | I5: 1933.8291 | J5: 1421.0702 | K5: 9322.6427 | M5: 2027 | N5: 38437.342 | O5: 2230.59 | P5: 2247.473 | Q5: 1158.5074 | R5: 6343.957 | S5: 10502.908 | T5: 5536.813 | U5: 92.074978 | V5: 166.36916 | W5: 659.5501 | Y5: 2027 | Z5: 23221.83 | AA5: 6942.1619 | AB5: 9088.1234 | AC5: 2207.7192 | AD5: 5815.5368 | AE5: 2395.1257 | AF5: 1036.7104 | AG5: 2209.7995 | AH5: 456.92715 | AI5: 370.99693 | AK5: 2027 | AL5: 26085.447 | AM5: 7060.1945 | AN5: 9246.6728 | AO5: 2407.2061 | AP5: 6564.9612 | AQ5: 2549.8797 | AR5: 1117.0031 | AS5: 1980.4397 | AT5: 437.71211 | AU5: 2276.4645
A6: 2028 | B6: 45757.149 | C6: 11249.627 | D6: 15313.38 | E6: 3504.3165 | F6: 15833.533 | G6: 6267.0579 | H6: 2907.0241 | I6: 1878.4283 | J6: 1415.0803 | K6: 10178.97 | M6: 2028 | N6: 35697.452 | O6: 2206.3578 | P6: 2252.3019 | Q6: 1152.8381 | R6: 6652.2995 | S6: 10312.176 | T6: 5480.0089 | U6: 85.121958 | V6: 168.55034 | W6: 702.1587 | Y6: 2028 | Z6: 24781.175 | AA6: 6989.5925 | AB6: 9154.2061 | AC6: 2286.8458 | AD6: 6236.7132 | AE6: 2422.3857 | AF6: 1061.1529 | AG6: 2042.927 | AH6: 462.91767 | AI6: 394.96427 | AK6: 2028 | AL6: 27722.572 | AM6: 7118.8718 | AN6: 9341.8881 | AO6: 2487.3172 | AP6: 7025.4854 | AQ6: 2571.0894 | AR6: 1139.0007 | AS6: 1915.2022 | AT6: 447.74049 | AU6: 2494.0954
A7: 2029 | B7: 44934.919 | C7: 11284.087 | D7: 15397.8 | E7: 3580.1682 | F7: 16734.678 | G7: 6206.3319 | H7: 2886.6693 | I7: 1828.9149 | J7: 1403.9428 | K7: 11041.42 | M7: 2029 | N7: 33068.022 | O7: 2167.0156 | P7: 2209.6926 | Q7: 1147.1396 | R7: 6960.1409 | S7: 10156.149 | T7: 5428.5832 | U7: 78.990758 | V7: 169.62001 | W7: 746.34656 | Y7: 2029 | Z7: 26336.443 | AA7: 7047.683 | AB7: 9248.4692 | AC7: 2362.9513 | AD7: 6674.2111 | AE7: 2442.535 | AF7: 1082.0507 | AG7: 1895.7782 | AH7: 465.85549 | AI7: 419.81994 | AK7: 2029 | AL7: 29337.988 | AM7: 7182.7297 | AN7: 9456.0547 | AO7: 2565.6984 | AP7: 7503.2036 | AQ7: 2590.2705 | AR7: 1158.0461 | AS7: 1858.0613 | AT7: 455.12836 | AU7: 2711.1774
A8: 2030 | B8: 44228.46 | C8: 11312.052 | D8: 15479.545 | E8: 3654.9464 | F8: 17655.635 | G8: 6157.6506 | H8: 2867.3739 | I8: 1783.4036 | J8: 1395.0355 | K8: 11906.652 | M8: 2030 | N8: 30619.569 | O8: 2117.4735 | P8: 2146.6741 | Q8: 1142.2189 | R8: 7269.4891 | S8: 10029.58 | T8: 5381.8218 | U8: 73.564312 | V8: 170.37612 | W8: 792.0886 | Y8: 2030 | Z8: 27871.089 | AA8: 7110.9024 | AB8: 9361.4942 | AC8: 2437.4135 | AD8: 7128.0434 | AE8: 2460.757 | AF8: 1100.1437 | AG8: 1765.5435 | AH8: 467.93211 | AI8: 445.54984 | AK8: 2030 | AL8: 30896.612 | AM8: 7250.8539 | AN8: 9588.7746 | AO8: 2643.5621 | AP8: 7998.1551 | AQ8: 2609.2491 | AR8: 1175.4792 | AS8: 1807.9571 | AT8: 461.18891 | AU8: 2928.9662
A9: 2031 | B9: 43614.901 | C9: 11351.993 | D9: 15556.933 | E9: 3727.4543 | F9: 18589.285 | G9: 6124.0492 | H9: 2858.9829 | I9: 1741.366 | J9: 1384.9071 | K9: 12771.093 | M9: 2031 | N9: 28358.307 | O9: 2073.5137 | P9: 2062.7142 | Q9: 1135.7174 | R9: 7574.7901 | S9: 9936.2356 | T9: 5359.9418 | U9: 68.782115 | V9: 170.65388 | W9: 839.42705 | Y9: 2031 | Z9: 29351.781 | AA9: 7178.3453 | AB9: 9492.8868 | AC9: 2511.384 | AD9: 7598.2473 | AE9: 2478.7867 | AF9: 1116.7053 | AG9: 1650.7708 | AH9: 468.69499 | AI9: 472.17772 | AK9: 2031 | AL9: 32360.136 | AM9: 7325.6757 | AN9: 9736.3507 | AO9: 2721.3129 | AP9: 8507.7174 | AQ9: 2630.3102 | AR9: 1194.491 | AS9: 1764.3309 | AT9: 465.96226 | AU9: 3147.1996
A10: 2032 | B10: 43078.63 | C10: 11392.705 | D10: 15642.172 | E10: 3797.8368 | F10: 19525.538 | G10: 6110.9855 | H10: 2864.7023 | I10: 1704.0939 | J10: 1373.7764 | K10: 13629.36 | M10: 2032 | N10: 26301.145 | O10: 2023.6888 | P10: 1970.7882 | Q10: 1127.398 | R10: 7870.3788 | S10: 9884.2607 | T10: 5366.1188 | U10: 64.652428 | V10: 170.60484 | W10: 888.3061 | Y10: 2032 | Z10: 30742.13 | AA10: 7252.419 | AB10: 9638.9872 | AC10: 2585.2472 | AD10: 8082.3316 | AE10: 2498.7947 | AF10: 1134.7665 | AG10: 1551.6583 | AH10: 468.56029 | AI10: 499.67218 | AK10: 2032 | AL10: 33701.886 | AM10: 7404.9137 | AN10: 9894.3292 | AO10: 2799.0237 | AP10: 9028.0587 | AQ10: 2655.8531 | AR10: 1217.3613 | AS10: 1727.2963 | AT10: 469.90599 | AU10: 3364.0686
A11: 2033 | B11: 42618.004 | C11: 11433.337 | D11: 15733.833 | E11: 3865.4846 | F11: 20459.726 | G11: 6115.117 | H11: 2878.7113 | I11: 1671.7443 | J11: 1369.1305 | K11: 14475.188 | M11: 2033 | N11: 24469.813 | O11: 1969.6054 | P11: 1874.8196 | Q11: 1116.6054 | R11: 8155.9075 | S11: 9863.6417 | T11: 5383.784 | U11: 61.167017 | V11: 171.03561 | W11: 938.48575 | Y11: 2033 | Z11: 32016.792 | AA11: 7330.8645 | AB11: 9795.3859 | AC11: 2659.0726 | AD11: 8576.6557 | AE11: 2523.0604 | AF11: 1156.4932 | AG11: 1468.0084 | AH11: 469.7434 | AI11: 527.89824 | AK11: 2033 | AL11: 34911.581 | AM11: 7487.8977 | AN11: 10056.657 | AO11: 2876.3127 | AP11: 9556.2938 | AQ11: 2686.5239 | AR11: 1244.6906 | AS11: 1696.9159 | AT11: 474.35543 | AU11: 3576.752
A12: 2034 | B12: 42235.056 | C12: 11481.215 | D12: 15808.286 | E12: 3931.9772 | F12: 21386.674 | G12: 6135.7861 | H12: 2903.8835 | I12: 1643.1574 | J12: 1364.8243 | K12: 15301.738 | M12: 2034 | N12: 22872.86 | O12: 1917.9168 | P12: 1764.1858 | Q12: 1105.2493 | R12: 8429.4805 | S12: 9871.3338 | T12: 5417.9461 | U12: 58.290768 | V12: 171.45506 | W12: 989.4306 | Y12: 2034 | Z12: 33166.002 | AA12: 7413.0188 | AB12: 9956.0909 | AC12: 2732.4971 | AD12: 9078.4791 | AE12: 2552.1977 | AF12: 1182.4561 | AG12: 1398.9784 | AH12: 470.89539 | AI12: 556.55471 | AK12: 2034 | AL12: 35993.543 | AM12: 7575.3778 | AN12: 10215.734 | AO12: 2952.8464 | AP12: 10089.996 | AQ12: 2722.4871 | AR12: 1277.8899 | AS12: 1673.0355 | AT12: 478.84933 | AU12: 3782.31
A13: 2035 | B13: 41934.695 | C13: 11527.098 | D13: 15861.606 | E13: 3994.8297 | F13: 22301.611 | G13: 6172.0552 | H13: 2940.0373 | I13: 1618.1083 | J13: 1362.8623 | K13: 16103.976 | M13: 2035 | N13: 21507.315 | O13: 1860.4549 | P13: 1643.8981 | Q13: 1091.1562 | R13: 8688.9487 | S13: 9904.2437 | T13: 5466.4121 | U13: 56.018581 | V13: 172.04331 | W13: 1040.4149 | Y13: 2035 | Z13: 34193.866 | AA13: 7499.624 | AB13: 10113.576 | AC13: 2805.2041 | AD13: 9585.4958 | AE13: 2586.3628 | AF13: 1213.9954 | AG13: 1344.4459 | AH13: 472.51099 | AI13: 585.23339 | AK13: 2035 | AL13: 36961.636 | AM13: 7665.3031 | AN13: 10365.676 | AO13: 3027.8606 | AP13: 10627.707 | AQ13: 2763.1274 | AR13: 1317.2783 | AS13: 1655.71 | AT13: 483.74273 | AU13: 3978.9873
... A28: 2050 | B28: 36525.696 | C28: 11918.983 | D28: 14568.388 | E28: 4639.8438 | F28: 33570.011 | G28: 7254.9834 | H28: 3667.5231 | I28: 1533.4625 | J28: 1451.8313 | K28: 29054.199 | M28: 2050 | N28: 10942.451 | O28: 914.512 | P28: 101.02718 | Q28: 677.00492 | R28: 9935.0724 | S28: 11264.602 | T28: 6413.7383 | U28: 60.532416 | V28: 173.64091 | W28: 1806.9561 | Y28: 2050 | Z28: 37992.319 | AA28: 8675.3525 | AB28: 10604.52 | AC28: 3803.6689 | AD28: 17982.549 | AE28: 3300.5711 | AF28: 1891.9915 | AG28: 1452.778 | AH28: 476.89875 | AI28: 1016.4128 | AK28: 2050 | AL28: 39726.061 | AM28: 8809.904 | AN28: 10903.303 | AO28: 4066.9727 | AP28: 19542.741 | AQ28: 3529.8169 | AR28: 2027.655 | AS28: 1755.3074 | AT28: 542.7815 | AU28: 8126.9395

Sheet recycling rate scenario
C1: Al demand (kt) | D1: China | E1: North America | F1: Europe | G1: South America | H1: Other Asia | I1: Other main producer | J1: Middle East | K1: Japan | L1: UK | M1: Rest of World | O1: Primary Al ingot (kt) | P1: China | Q1: North America | R1: Europe | S1: South America | T1: Other Asia | U1: Other main producer | V1: Middle East | W1: Japan | X1: UK | Y1: Rest of World | AA1: Secondary Al ingot (kt) | AB1: China | AC1: North America | AD1: Europe | AE1: South America | AF1: Other Asia | AG1: Other main producer | AH1: Middle East | AI1: Japan | AJ1: UK | AK1: Rest of World | AM1: Al scrap (kt) | AN1: China | AO1: North America | AP1: Europe | AQ1: South America | AR1: Other Asia | AS1: Other main producer | AT1: Middle East | AU1: Japan | AV1: UK | AW1: Rest of World
A2: Based on BAU scenarios, recycling rate gradually reaches theoretical maximum 95% in each region by 2050. | C2: 2024 | D2: 52063.346 | E2: 12091.977 | F2: 19675.334 | G2: 3206.1493 | H2: 12335.054 | I2: 4675.8185 | J2: 2377.6878 | K2: 2168.6251 | L2: 1277.6314 | M2: 7513.826 | O2: 2024 | P2: 47590.729 | Q2: 3022.5071 | R2: 4341.2141 | S2: 1146.2753 | T2: 5338.3826 | U2: 7522.9688 | V2: 4631.2702 | W2: 83.01662 | X2: 130.30304 | Y2: 416.5011 | AA2: 2024 | AB2: 20899.864 | AC2: 6903.0847 | AD2: 10184.143 | AE2: 1988.6998 | AF2: 4748.863 | AG2: 1840.6124 | AH2: 695.33408 | AI2: 1992.3989 | AJ2: 357.87278 | AK2: 234.28187 | AM2: 2024 | AN2: 21845.127 | AO2: 7100.5752 | AP2: 9422.4348 | AQ2: 2166.8481 | AR2: 5407.1784 | AS2: 2208.475 | AT2: 948.05163 | AU2: 1917.3656 | AV2: 365.77773 | AW2: 1535.9097
C3: 2025 | D3: 48201.403 | E3: 11192.711 | F3: 15259.783 | G3: 3252.494 | H3: 13252.914 | I3: 6481.0241 | J3: 2975.9627 | K3: 2065.2325 | L3: 1435.2593 | M3: 7574.5945 | O3: 2025 | P3: 42927.466 | Q3: 2150.6792 | R3: 2069.7298 | S3: 1147.8865 | T3: 5621.6878 | U3: 11133.41 | V3: 5750.8823 | W3: 108.87491 | X3: 159.84984 | Y3: 576.20885 | AA3: 2025 | AB3: 20752.871 | AC3: 7029.5694 | AD3: 9328.2104 | AE3: 2058.5057 | AF3: 5136.8195 | AG3: 2098.0513 | AH3: 900.64905 | AI3: 2612.9977 | AJ3: 439.02205 | AK3: 324.11748 | AM3: 2025 | AN3: 23151.934 | AO3: 7071.3127 | AP3: 9357.6327 | AQ3: 2257.9683 | AR3: 5876.8048 | AS3: 2535.9482 | AT3: 1081.1836 | AU3: 2153.7616 | AV3: 415.53625 | AW3: 1856.9495
C4: 2026 | D4: 47471.367 | E4: 11194.609 | F4: 15263.075 | G4: 3340.6729 | H4: 14090.174 | I4: 6391.6951 | J4: 2950.6165 | K4: 1996.2944 | L4: 1426.7508 | M4: 8456.2837 | O4: 2026 | P4: 40732.12 | Q4: 2170.3766 | R4: 2125.8146 | S4: 1142.8995 | T4: 5866.6342 | U4: 10615.486 | V4: 5581.9659 | W4: 99.965155 | X4: 163.39198 | Y4: 617.58749 | AA4: 2026 | AB4: 21994.337 | AC4: 7000.5996 | AD4: 9264.0564 | AE4: 2145.0699 | AF4: 5582.9646 | AG4: 2409.1508 | AH4: 1027.1244 | AI4: 2399.1637 | AJ4: 448.75043 | AK4: 347.39296 | AM4: 2026 | AN4: 24977.864 | AO4: 7161.326 | AP4: 9536.4257 | AQ4: 2357.6889 | AR4: 6420.0415 | AS4: 2589.2784 | AT4: 1121.8437 | AU4: 2076.9869 | AV4: 433.19405 | AW4: 2108.4496
C5: 2027 | D5: 46657.246 | E5: 11209.22 | F5: 15202.142 | G5: 3425.1026 | H5: 14950.266 | I5: 6339.587 | J5: 2928.168 | K5: 1933.8291 | L5: 1421.0702 | M5: 9322.6427 | O5: 2027 | P5: 37930.201 | Q5: 2083.0391 | R5: 1894.535 | S5: 1126.4221 | T5: 6060.4544 | U5: 10438.22 | V5: 5507.772 | W5: 92.074978 | X5: 166.36916 | Y5: 659.5501 | AA5: 2027 | AB5: 23728.971 | AC5: 7089.7128 | AD5: 9441.0615 | AE5: 2239.8045 | AF5: 6099.0394 | AG5: 2459.8145 | AH5: 1065.7515 | AI5: 2209.7995 | AJ5: 456.92715 | AK5: 370.99693 | AM5: 2027 | AN5: 26866.391 | AO5: 7260.7937 | AP5: 9726.2449 | AQ5: 2453.967 | AR5: 6995.0192 | AS5: 2642.7584 | AT5: 1159.6002 | AU5: 2009.952 | AV5: 448.76159 | AW5: 2358.0155
C6: 2028 | D6: 45757.149 | E6: 11249.627 | F6: 15313.38 | G6: 3504.3165 | H6: 15833.533 | I6: 6267.0579 | J6: 2907.0241 | K6: 1878.4283 | L6: 1415.0803 | M6: 10178.97 | O6: 2028 | P6: 34955.556 | Q6: 2007.7646 | R6: 1777.5256 | S6: 1108.4153 | T6: 6243.7443 | U6: 10223.941 | V6: 5439.5416 | W6: 85.121958 | X6: 168.55034 | Y6: 702.1587 | AA6: 2028 | AB6: 25523.071 | AC6: 7188.1857 | AD6: 9628.9824 | AE6: 2331.2687 | AF6: 6645.2683 | AG6: 2510.6205 | AH6: 1101.6202 | AI6: 2042.927 | AJ6: 462.91767 | AK6: 394.96427 | AM6: 2028 | AN6: 28785.57 | AO6: 7372.2708 | AP6: 9947.8511 | AQ6: 2547.8536 | AR6: 7605.0916 | AS6: 2689.4515 | AT6: 1194.2223 | AU6: 1952.0056 | AV6: 462.01714 | AW6: 2607.5438
C7: 2029 | D7: 44934.919 | E7: 11284.087 | F7: 15397.8 | G7: 3580.1682 | H7: 16734.678 | I7: 6206.3319 | J7: 2886.6693 | K7: 1828.9149 | L7: 1403.9428 | M7: 11041.42 | O7: 2029 | P7: 32058.174 | Q7: 1916.1505 | R7: 1609.7893 | S7: 1089.63 | T7: 6409.515 | U7: 10043.705 | V7: 5376.1226 | W7: 78.990758 | X7: 169.62001 | Y7: 746.34656 | AA7: 2029 | AB7: 27346.292 | AC7: 7298.5481 | AD7: 9848.3725 | AE7: 2420.4609 | AF7: 7224.837 | AG7: 2554.9789 | AH7: 1134.5112 | AI7: 1895.7782 | AJ7: 465.85549 | AK7: 419.81994 | AM7: 2029 | AN7: 30715.836 | AO7: 7490.3526 | AP7: 10192.844 | AQ7: 2640.7968 | AR7: 8251.5343 | AS7: 2734.6928 | AT7: 1226.3815 | AU7: 1902.1479 | AV7: 472.72988 | AW7: 2860.9175
C8: 2030 | D8: 44228.46 | E8: 11312.052 | F8: 15479.545 | G8: 3654.9464 | H8: 17655.635 | I8: 6157.6506 | J8: 2867.3739 | K8: 1783.4036 | L8: 1395.0355 | M8: 11906.652 | O8: 2030 | P8: 29310.613 | Q8: 1812.9268 | R8: 1417.2527 | S8: 1070.8754 | T8: 6558.5749 | U8: 9892.3792 | V8: 5316.9031 | W8: 73.564312 | X8: 170.37612 | Y8: 792.0886 | AA8: 2030 | AB8: 29180.044 | AC8: 7415.4491 | AD8: 10090.916 | AE8: 2508.7569 | AF8: 7838.9576 | AG8: 2597.9581 | AH8: 1165.0624 | AI8: 1765.5435 | AJ8: 467.93211 | AK8: 445.54984 | AM8: 2030 | AN8: 32618.332 | AO8: 7614.2527 | AP8: 10461.528 | AQ8: 2734.0237 | AR8: 8935.4774 | AS8: 2780.323 | AT8: 1257.4197 | AU8: 1859.3328 | AV8: 482.18888 | AW8: 3119.4132
C9: 2031 | D9: 43614.901 | E9: 11351.993 | F9: 15556.933 | G9: 3727.4543 | H9: 18589.285 | I9: 6124.0492 | J9: 2858.9829 | K9: 1741.366 | L9: 1384.9071 | M9: 12771.093 | O9: 2031 | P9: 26722.673 | Q9: 1713.7488 | R9: 1198.6887 | S9: 1049.7788 | T9: 6684.3339 | U9: 9773.7154 | V9: 5282.0984 | W9: 68.782115 | X9: 170.65388 | Y9: 839.42705 | AA9: 2031 | AB9: 30987.415 | AC9: 7538.1102 | AD9: 10356.912 | AE9: 2597.3226 | AF9: 8488.7035 | AG9: 2641.3069 | AH9: 1194.5487 | AI9: 1650.7708 | AJ9: 468.69499 | AK9: 472.17772 | AM9: 2031 | AN9: 34449.772 | AO9: 7746.4995 | AP9: 10750.606 | AQ9: 2827.9579 | AR9: 9655.1341 | AS9: 2828.7524 | AT9: 1290.6611 | AU9: 1823.0137 | AV9: 490.4269 | AW9: 3382.6829
C10: 2032 | D10: 43078.63 | E10: 11392.705 | F10: 15642.172 | G10: 3797.8368 | H10: 19525.538 | I10: 6110.9855 | J10: 2864.7023 | K10: 1704.0939 | L10: 1373.7764 | M10: 13629.36 | O10: 2032 | P10: 24315.991 | Q10: 1607.0733 | R10: 966.67536 | S10: 1026.0852 | T10: 6780.333 | U10: 9695.7407 | V10: 5274.7572 | W10: 64.652428 | X10: 170.60484 | Y10: 888.3061 | AA10: 2032 | AB10: 32727.283 | AC10: 7669.0345 | AD10: 10643.1 | AE10: 2686.56 | AF10: 9172.3774 | AG10: 2687.3147 | AH10: 1226.128 | AI10: 1551.6583 | AJ10: 468.56029 | AK10: 499.67218 | AM10: 2032 | AN10: 36178.066 | AO10: 7884.918 | AP10: 11055.583 | AQ10: 2922.6778 | AR10: 10407.202 | AS10: 2882.5846 | AT10: 1328.6525 | AU10: 1793.3201 | AV10: 497.90623 | AW10: 3648.6349
C11: 2033 | D11: 42618.004 | E11: 11433.337 | F11: 15733.833 | G11: 3865.4846 | H11: 20459.726 | I11: 6115.117 | J11: 2878.7113 | K11: 1671.7443 | L11: 1369.1305 | M11: 14475.188 | O11: 2033 | P11: 22117.441 | Q11: 1494.4011 | R11: 725.1779 | S11: 999.13401 | T11: 6845.7213 | U11: 9648.2468 | V11: 5278.0574 | W11: 61.167017 | X11: 171.03561 | Y11: 938.48575 | AA11: 2033 | AB11: 34369.163 | AC11: 7806.0688 | AD11: 10945.028 | AE11: 2776.5439 | AF11: 9886.8419 | AG11: 2738.4554 | AH11: 1262.2199 | AI11: 1468.0084 | AJ11: 469.7434 | AK11: 527.89824 | AM11: 2033 | AN11: 37788.002 | AO11: 8028.9118 | AP11: 11369.954 | AQ11: 3017.7866 | AR11: 11189.09 | AS11: 2942.6933 | AT11: 1372.3438 | AU11: 1770.337 | AV11: 505.97698 | AW11: 3913.9588
C12: 2034 | D12: 42235.056 | E12: 11481.215 | F12: 15808.286 | G12: 3931.9772 | H12: 21386.674 | I12: 6135.7861 | J12: 2903.8835 | K12: 1643.1574 | L12: 1364.8243 | M12: 15301.738 | O12: 2034 | P12: 20140.26 | Q12: 1382.3129 | R12: 464.02207 | S12: 970.84908 | T12: 6878.3239 | U12: 9627.9729 | V12: 5296.6755 | W12: 58.290768 | X12: 171.45506 | Y12: 989.4306 | AA12: 2034 | AB12: 35898.602 | AC12: 7948.6226 | AD12: 11256.255 | AE12: 2866.8973 | AF12: 10629.636 | AG12: 2795.5586 | AH12: 1303.7266 | AI12: 1398.9784 | AJ12: 470.89539 | AK12: 556.55471 | AM12: 2034 | AN12: 39280.136 | AO12: 8179.2819 | AP12: 11685.311 | AQ12: 3112.9152 | AR12: 11998.636 | AS12: 3009.4059 | AT12: 1423.4941 | AU12: 1753.9382 | AV12: 514.20295 | AW12: 4175.1226
C13: 2035 | D13: 41934.695 | E13: 11527.098 | F13: 15861.606 | G13: 3994.8297 | H13: 22301.611 | I13: 6172.0552 | J13: 2940.0373 | K13: 1618.1083 | L13: 1362.8623 | M13: 16103.976 | O13: 2035 | P13: 18385.051 | Q13: 1262.5899 | R13: 189.01624 | S13: 939.09085 | T13: 6875.7399 | U13: 9631.6708 | V13: 5328.0881 | W13: 56.018581 | X13: 172.04331 | Y13: 1040.4149 | AA13: 2035 | AB13: 37316.13 | AC13: 8097.489 | AD13: 11568.458 | AE13: 2957.2695 | AF13: 11398.705 | AG13: 2858.9356 | AH13: 1352.3194 | AI13: 1344.4459 | AJ13: 472.51099 | AK13: 585.23339 | AM13: 2035 | AN13: 40665.848 | AO13: 8334.0189 | AP13: 11994.678 | AQ13: 3207.256 | AR13: 12834.819 | AS13: 3082.1641 | AT13: 1482.7117 | AU13: 1744.206 | AV13: 522.95859 | AW13: 4429.8894
C14: 2036 | D14: 41697.418 | E14: 11570.17 | F14: 15891.975 | G14: 4052.0353 | H14: 23202.5 | I14: 6218.4599 | J14: 2985.7048 | K14: 1599.5201 | L14: 1364.1906 | M14: 16884.765 | O14: 2036 | P14: 16810.054 | Q14: 1136.5667 | R14: 189.38617 | S14: 902.57237 | T14: 6836.7094 | U14: 9648.0386 | V14: 5368.6417 | W14: 54.43076 | X14: 172.83504 | Y14: 1090.9838 | AA14: 2036 | AB14: 38632.556 | AC14: 8250.6787 | AD14: 11591.099 | AE14: 3046.8932 | AF14: 12193.079 | AG14: 2928.0559 | AH14: 1408.5761 | AI14: 1306.3382 | AJ14: 474.68545 | AK14: 613.67841 | AM14: 2036 | AN14: 41955.749 | AO14: 8492.2223 | AP14: 12292.554 | AQ14: 3300.2067 | AR14: 13698.51 | AS14: 3159.2756 | AT14: 1549.6814 | AU14: 1741.9106 | AV14: 532.34324 | AW14: 4679.0929
... C28: 2050 | D28: 36525.696 | E28: 11918.983 | F28: 14568.388 | G28: 4639.8438 | H28: 33570.011 | I28: 7254.9834 | J28: 3667.5231 | K28: 1533.4625 | L28: 1451.8313 | M28: 29054.199 | O28: 2050 | P28: 2429.2095 | Q28: 46.400996 | R28: 172.10518 | S28: 176.21491 | T28: 956.90819 | U28: 10408.178 | V28: 5846.1739 | W28: 60.532416 | X28: 173.64091 | Y28: 1806.9561 | AA28: 2050 | AB28: 46505.561 | AC28: 9543.4635 | AD28: 10533.442 | AE28: 4304.4589 | AF28: 26960.713 | AG28: 4156.9945 | AH28: 2459.5559 | AI28: 1452.778 | AJ28: 476.89875 | AK28: 1016.4128 | AM28: 2050 | AN28: 48982.601 | AO28: 10606.498 | AP28: 14822.336 | AQ28: 4623.8941 | AR28: 29749.828 | AS28: 4482.8424 | AT28: 2661.7553 | AU28: 1964.6228 | AV28: 651.31749 | AW28: 10347.283

Sheet lifetime scenario
C1: Al demand (kt) | D1: China | E1: North America | F1: Europe | G1: South America | H1: Other Asia | I1: Other main producer | J1: Middle East | K1: Japan | L1: UK | M1: Rest of World | O1: Primary Al ingot (kt) | P1: China | Q1: North America | R1: Europe | S1: South America | T1: Other Asia | U1: Other main producer | V1: Middle East | W1: Japan | X1: UK | Y1: Rest of World | AA1: Secondary Al ingot (kt) | AB1: China | AC1: North America | AD1: Europe | AE1: South America | AF1: Other Asia | AG1: Other main producer | AH1: Middle East | AI1: Japan | AJ1: UK | AK1: Rest of World | AM1: Al scrap (kt) | AN1: China | AO1: North America | AP1: Europe | AQ1: South America | AR1: Other Asia | AS1: Other main producer | AT1: Middle East | AU1: Japan | AV1: UK | AW1: Rest of World
A2: Based on BAU scenarios, lifetime gradually increase and reach their target values by 2050 in each region. | C2: 2024 | D2: 52063.346 | E2: 12091.977 | F2: 19675.334 | G2: 3206.1493 | H2: 12335.054 | I2: 4675.8185 | J2: 2377.6878 | K2: 2168.6251 | L2: 1277.6314 | M2: 7513.826 | O2: 2024 | P2: 47590.729 | Q2: 3022.5071 | R2: 4341.2141 | S2: 1146.2753 | T2: 5338.3826 | U2: 7522.9688 | V2: 4631.2702 | W2: 83.01662 | X2: 130.30304 | Y2: 416.5011 | AA2: 2024 | AB2: 20899.864 | AC2: 6903.0847 | AD2: 10184.143 | AE2: 1988.6998 | AF2: 4748.863 | AG2: 1840.6124 | AH2: 695.33408 | AI2: 1992.3989 | AJ2: 357.87278 | AK2: 234.28187 | AM2: 2024 | AN2: 21700.116 | AO2: 7052.1123 | AP2: 9306.1934 | AQ2: 2156.4623 | AR2: 5321.641 | AS2: 2186.9319 | AT2: 938.87311 | AU2: 1909.9176 | AV2: 363.34278 | AW2: 1521.8586
C3: 2025 | D3: 48200.895 | E3: 11192.628 | F3: 15259.66 | G3: 3252.4653 | H3: 13252.819 | I3: 6480.9844 | J3: 2975.9397 | K3: 2065.2231 | L3: 1435.2493 | M3: 7574.5253 | O3: 2025 | P3: 43064.538 | Q3: 2198.5913 | R3: 2184.7139 | S3: 1157.7268 | T3: 5702.8687 | U3: 11153.802 | V3: 5759.5551 | W3: 108.87416 | X3: 159.84879 | Y3: 576.20589 | AA3: 2025 | AB3: 20615.11 | AC3: 6981.5911 | AD3: 9213.1315 | AE3: 2048.6391 | AF3: 5055.559 | AG3: 2077.5853 | AH3: 891.92945 | AI3: 2612.9799 | AJ3: 439.01917 | AK3: 324.11581 | AM3: 2025 | AN3: 22829.372 | AO3: 6972.7049 | AP3: 9121.6111 | AQ3: 2236.3315 | AR3: 5693.2307 | AS3: 2491.7455 | AT3: 1061.8431 | AU3: 2138.8976 | AV3: 410.4906 | AW3: 1825.8416
C4: 2026 | D4: 47468.951 | E4: 11194.257 | F4: 15262.59 | G4: 3340.5404 | H4: 14089.729 | I4: 6391.4908 | J4: 2950.4988 | K4: 1996.2514 | L4: 1426.7051 | M4: 8456.0145 | O4: 2026 | P4: 41035.292 | Q4: 2267.7186 | R4: 2359.1029 | S4: 1163.3323 | T4: 6040.6585 | U4: 10657.094 | V4: 5600.1003 | W4: 99.961382 | X4: 163.3869 | Y4: 617.57323 | AA4: 2026 | AB4: 21687.903 | AC4: 6902.9779 | AD4: 9030.395 | AE4: 2124.5149 | AF4: 5408.5692 | AG4: 2367.1582 | AH4: 1008.751 | AI4: 2399.0732 | AJ4: 448.73645 | AK4: 347.38494 | AM4: 2026 | AN4: 24441.708 | AO4: 7012.0014 | AP4: 9179.5744 | AQ4: 2323.7741 | AR4: 6121.2186 | AS4: 2521.0577 | AT4: 1091.1952 | AU4: 2054.7249 | AV4: 425.22209 | AW4: 2054.2803
C5: 2027 | D5: 46649.536 | E5: 11208.22 | F5: 15200.775 | G5: 3424.6915 | H5: 14948.869 | I5: 6338.9365 | J5: 2927.7973 | K5: 1933.7047 | L5: 1420.9385 | M5: 9321.8529 | O5: 2027 | P5: 38429.186 | Q5: 2230.0733 | R5: 2246.7706 | S5: 1158.2604 | T5: 6343.1757 | U5: 10501.802 | V5: 5536.1366 | W5: 92.064233 | X5: 166.35383 | Y5: 659.50431 | AA5: 2027 | AB5: 23219.622 | AC5: 6941.8814 | AD5: 9087.7786 | AE5: 2207.5854 | AF5: 5815.1576 | AG5: 2395.0049 | AH5: 1036.6355 | AI5: 2209.5416 | AJ5: 456.88503 | AK5: 370.97117 | AM5: 2027 | AN5: 26078.035 | AO5: 7059.3872 | AP5: 9245.69 | AQ5: 2406.7689 | AR5: 6563.7096 | AS5: 2549.4745 | AT5: 1116.7546 | AU5: 1980.261 | AV5: 437.66138 | AW5: 2276.0771
C6: 2028 | D6: 45737.023 | E6: 11247.259 | F6: 15310.131 | G6: 3503.2679 | H6: 15829.933 | I6: 6265.3784 | J6: 2906.0794 | K6: 1878.1322 | L6: 1414.768 | M6: 10176.999 | O6: 2028 | P6: 35677.542 | Q6: 2205.2677 | R6: 2250.8005 | S6: 1152.2782 | T6: 6650.5043 | U6: 10309.381 | V6: 5478.332 | W6: 85.09731 | X6: 168.51261 | Y6: 702.03763 | AA6: 2028 | AB6: 24774.134 | AC6: 6988.7933 | AD6: 9153.2331 | AE6: 2286.4304 | AF6: 6235.5241 | AG6: 2422.0007 | AH6: 1060.9169 | AI6: 2042.3354 | AJ6: 462.81405 | AK6: 394.89617 | AM6: 2028 | AN6: 27703.235 | AO6: 7116.9601 | AP6: 9339.5539 | AQ6: 2486.2014 | AR6: 7022.2605 | AS6: 2570.0424 | AT6: 1138.3677 | AU6: 1914.7854 | AV6: 447.61835 | AW6: 2493.1203
C7: 2029 | D7: 44889.232 | E7: 11279.093 | F7: 15390.899 | G7: 3577.8226 | H7: 16726.541 | I7: 6202.544 | J7: 2884.5643 | K7: 1828.2889 | L7: 1403.2859 | M7: 11037.042 | O7: 2029 | P7: 33025.364 | Q7: 2164.92 | R7: 2206.7749 | S7: 1146.0117 | T7: 6956.471 | U7: 10149.956 | V7: 5424.9251 | W7: 78.940697 | X7: 169.53815 | Y7: 746.06693 | AA7: 2029 | AB7: 26318.073 | AC7: 7045.7905 | AD7: 9246.1584 | AE7: 2361.8913 | AF7: 6671.1475 | AG7: 2441.5403 | AH7: 1081.4493 | AI7: 1894.5767 | AJ7: 465.63065 | AK7: 419.66265 | AM7: 2029 | AN7: 29294.108 | AO7: 7178.6977 | AP7: 9451.1002 | AQ7: 2563.2019 | AR7: 7495.9171 | AS7: 2587.908 | AT7: 1156.6357 | AU7: 1857.1984 | AV7: 454.86797 | AW7: 2708.9983
C8: 2030 | D8: 44135.867 | E8: 11302.385 | F8: 15466.102 | G8: 3650.2135 | H8: 17639.047 | I8: 6149.9622 | J8: 2863.1384 | K8: 1782.1901 | L8: 1393.7684 | M8: 11897.813 | O8: 2030 | P8: 30537.653 | Q8: 2113.7408 | R8: 2141.4357 | S8: 1140.1718 | T8: 7262.6973 | U8: 10017.223 | V8: 5374.6028 | W8: 73.470768 | X8: 170.21459 | Y8: 791.51126 | AA8: 2030 | AB8: 27829.403 | AC8: 7106.9107 | AD8: 9356.5892 | AE8: 2435.0418 | AF8: 7121.1212 | AG8: 2458.5126 | AH8: 1098.8039 | AI8: 1763.2984 | AJ8: 467.48848 | AK8: 445.22508 | AM8: 2030 | AN8: 30807.691 | AO8: 7243.0488 | AP8: 9579.1271 | AQ8: 2638.5241 | AR8: 7983.3042 | AS8: 2604.4531 | AT8: 1172.6423 | AU8: 1806.3159 | AV8: 460.68171 | AW8: 2924.5508
C9: 2031 | D9: 43444.863 | E9: 11334.553 | F9: 15532.579 | G9: 3718.7064 | H9: 18558.314 | I9: 6109.792 | J9: 2851.1615 | K9: 1739.1756 | L9: 1382.6301 | M9: 12754.674 | O9: 2031 | P9: 28215.524 | Q9: 2067.303 | R9: 2053.9448 | S9: 1132.3454 | T9: 7563.2901 | U9: 9913.7348 | V9: 5346.8666 | W9: 68.618214 | X9: 170.35971 | Y9: 838.34806 | AA9: 2031 | AB9: 29267.306 | AC9: 7170.6183 | AD9: 9483.3359 | AE9: 2506.5979 | AF9: 7584.139 | AG9: 2474.2304 | AH9: 1114.0102 | AI9: 1646.8371 | AJ9: 467.88706 | AK9: 471.57078 | AM9: 2031 | AN9: 32196.813 | AO9: 7311.594 | AP9: 9718.8778 | AQ9: 2712.0021 | AR9: 8479.9887 | AS9: 2621.4179 | AT9: 1189.2547 | AU9: 1761.4128 | AV9: 465.04544 | AW9: 3138.9896
C10: 2032 | D10: 42792.612 | E10: 11363.109 | F10: 15600.785 | G10: 3782.8695 | H10: 19472.002 | I10: 6086.5912 | J10: 2851.3087 | K10: 1700.3801 | L10: 1369.9284 | M10: 13601.034 | O10: 2032 | P10: 26072.883 | Q10: 2013.9878 | R10: 1957.0158 | S10: 1122.3288 | T10: 7852.4032 | U10: 9846.5293 | V10: 5344.1713 | W10: 64.380274 | X10: 170.10609 | Y10: 886.46299 | AA10: 2032 | AB10: 30586.972 | AC10: 7238.4781 | AD10: 9621.689 | AE10: 2576.4019 | AF10: 8055.9893 | AG10: 2490.347 | AH10: 1129.792 | AI10: 1545.1266 | AJ10: 467.19048 | AK10: 498.63543 | AM10: 2032 | AN10: 33427.043 | AO10: 7381.0188 | AP10: 9864.6414 | AQ10: 2783.0987 | AR10: 8980.1149 | AS10: 2640.646 | AT10: 1208.4004 | AU10: 1722.4003 | AV10: 468.35439 | AW10: 3349.9275
C11: 2033 | D11: 42173.026 | E11: 11385.793 | F11: 15667.439 | G11: 3841.5722 | H11: 20373.267 | I11: 6076.2851 | J11: 2857.272 | K11: 1665.7954 | L11: 1362.9775 | M11: 14429.387 | O11: 2033 | P11: 24131.699 | Q11: 1955.3244 | R11: 1854.418 | S11: 1109.6099 | T11: 8129.7254 | U11: 9804.8795 | V11: 5349.3656 | W11: 60.735913 | X11: 170.24351 | Y11: 935.57903 | AA11: 2033 | AB11: 31755.691 | AC11: 7307.2087 | AD11: 9765.995 | AE11: 2643.9438 | AF11: 8531.1092 | AG11: 2508.6137 | AH11: 1147.9803 | AI11: 1457.6619 | AJ11: 467.56791 | AK11: 526.2632 | AM11: 2033 | AN11: 34483.713 | AO11: 7449.5218 | AP11: 10009.037 | AQ11: 2850.8834 | AR11: 9478.8283 | AS11: 2662.3373 | AT11: 1230.3582 | AU11: 1689.1168 | AV11: 471.88184 | AW11: 3553.9781
C12: 2034 | D12: 41588.598 | E12: 11408.549 | F12: 15707.194 | G12: 3896.015 | H12: 21255.102 | I12: 6077.8124 | J12: 2871.5786 | K12: 1634.1139 | L12: 1355.468 | M12: 15231.674 | O12: 2034 | P12: 22403.906 | Q12: 1898.0229 | R12: 1735.5185 | S12: 1096.3304 | T12: 8393.584 | U12: 9785.591 | V12: 5367.1337 | W12: 57.636371 | X12: 170.27013 | Y12: 985.14924 | AA12: 2034 | AB12: 32759.527 | AC12: 7375.0266 | AD12: 9908.9466 | AE12: 2708.3392 | AF12: 9004.8869 | AG12: 2529.2204 | AH12: 1168.8402 | AI12: 1383.2729 | AJ12: 467.64101 | AK12: 554.14645 | AM12: 2034 | AN12: 35371.439 | AO12: 7516.7455 | AP12: 10143.227 | AQ12: 2914.6272 | AR12: 9972.0311 | AS12: 2686.4175 | AT12: 1256.312 | AU12: 1661.1881 | AV12: 475.11485 | AW12: 3747.6762
C13: 2035 | D13: 41049.193 | E13: 11420.944 | F13: 15714.752 | G13: 3943.523 | H13: 22111.396 | I13: 6090.2161 | J13: 2893.912 | K13: 1605.0097 | L13: 1349.2721 | M13: 16001.607 | O13: 2035 | P13: 20891.78 | Q13: 1834.112 | R13: 1605.4503 | S13: 1080.5762 | T13: 8642.1365 | U13: 9785.9253 | V13: 5395.2619 | W13: 55.063475 | X13: 170.36423 | Y13: 1034.4475 | AA13: 2035 | AB13: 33602.867 | AC13: 7441.5781 | AD13: 10041.794 | AE13: 2768.8958 | AF13: 9473.4296 | AG13: 2552.0967 | AH13: 1193.4964 | AI13: 1321.5234 | AJ13: 467.89947 | AK13: 581.87673 | AM13: 2035 | AN13: 36108.736 | AO13: 7579.6875 | AP13: 10260.337 | AQ13: 2973.3713 | AR13: 10457.023 | AS13: 2712.2708 | AT13: 1286.4934 | AU13: 1638.4848 | AV13: 478.3762 | AW13: 3928.7405
C14: 2036 | D14: 40542.946 | E14: 11421.291 | F14: 15687.392 | G14: 3982.0888 | H14: 22939.24 | I14: 6108.3306 | J14: 2922.906 | K14: 1581.3762 | L14: 1345.2517 | M14: 16740.661 | O14: 2036 | P14: 19556.716 | Q14: 1765.2697 | R14: 1468.9153 | S14: 1061.2389 | T14: 8874.8279 | U14: 9795.2515 | V14: 5430.6197 | W14: 53.086789 | X14: 170.56737 | Y14: 1083.0034 | AA14: 2036 | AB14: 34303.299 | AC14: 7503.8906 | AD14: 10157.733 | AE14: 2824.7027 | AF14: 9934.172 | AG14: 2576.6572 | AH14: 1222.1687 | AI14: 1274.0829 | AJ14: 468.45737 | AK14: 609.18939 | AM14: 2036 | AN14: 36715.241 | AO14: 7636.7717 | AP14: 10355.363 | AQ14: 3026.5595 | AR14: 10933.077 | AS14: 2738.4373 | AT14: 1320.4762 | AU14: 1621.6375 | AV14: 481.74248 | AW14: 4097.5071
... C28: 2050 | D28: 31330.296 | E28: 10499.511 | F28: 12672.256 | G28: 4149.8831 | H28: 30906.398 | I28: 6568.4632 | J28: 3274.484 | K28: 1422.5457 | L28: 1291.2878 | M28: 27181.08 | O28: 2050 | P28: 8347.4446 | Q28: 846.11036 | R28: 9.73726 | S28: 700.89548 | T28: 9747.2535 | U28: 10349.406 | V28: 5828.9796 | W28: 51.296278 | X28: 157.16844 | Y28: 1717.0489 | AA28: 2050 | AB28: 33447.281 | AC28: 7619.42 | AD28: 9201.5708 | AE28: 3341.7372 | AF28: 15904.361 | AG28: 2920.8145 | AH28: 1656.3375 | AI28: 1231.1107 | AJ28: 431.65768 | AK28: 965.83999 | AM28: 2050 | AN28: 34715.685 | AO28: 7665.9549 | AP28: 9536.3532 | AQ28: 3547.821 | AR28: 17142.791 | AS28: 3102.1691 | AT28: 1762.5557 | AU28: 1599.1211 | AV28: 484.01186 | AW28: 7231.3862

Sheet CE Mid High
C2: China | D2: North America | E2: Europe | F2: South America | G2: Other Asia | H2: Other main producer | I2: Middle East | J2: Japan | K2: UK | L2: Rest of World | O2: Global | R2: Global
B3: 2024 | C3: =1-('lifetime scenario'!D2/baseline!B2) -> 0 | D3: =1-('lifetime scenario'!E2/baseline!C2) -> 0 | E3: =1-('lifetime scenario'!F2/baseline!D2) -> 0 | F3: =1-('lifetime scenario'!G2/baseline!E2) -> 0 | G3: =1-('lifetime scenario'!H2/baseline!F2) -> 0 | H3: =1-('lifetime scenario'!I2/baseline!G2) -> 0 | I3: =1-('lifetime scenario'!J2/baseline!H2) -> 0 | J3: =1-('lifetime scenario'!K2/baseline!I2) -> 0 | ... L3: =1-('lifetime scenario'!M2/baseline!K2) -> 0 | N3: 2024 | O3: =1-SUM('lifetime scenario'!D2:M2)/SUM(baseline!B2:K2) -> 0 | Q3: 2019 | R3: 0
B4: 2025 | C4: =1-('lifetime scenario'!D3/baseline!B3) -> 1.0549295e-05 | D4: =1-('lifetime scenario'!E3/baseline!C3) -> 7.4213562e-06 | E4: =1-('lifetime scenario'!F3/baseline!D3) -> 8.0354724e-06 | F4: =1-('lifetime scenario'!G3/baseline!E3) -> 8.8214593e-06 | G4: =1-('lifetime scenario'!H3/baseline!F3) -> 7.1587959e-06 | H4: =1-('lifetime scenario'!I3/baseline!G3) -> 6.1272695e-06 | I4: =1-('lifetime scenario'!J3/baseline!H3) -> 7.7311212e-06 | J4: =1-('lifetime scenario'!K3/baseline!I3) -> 4.5856099e-06 | ... L4: =1-('lifetime scenario'!M3/baseline!K3) -> 9.1387183e-06 | N4: 2025 | O4: =1-SUM('lifetime scenario'!D3:M3)/SUM(baseline!B3:K3) -> 8.8561515e-06 | Q4: 2023 | R4: 0
B5: 2026 | C5: =1-('lifetime scenario'!D4/baseline!B4) -> 5.0893982e-05 | D5: =1-('lifetime scenario'!E4/baseline!C4) -> 3.1374721e-05 | E5: =1-('lifetime scenario'!F4/baseline!D4) -> 3.1725784e-05 | F5: =1-('lifetime scenario'!G4/baseline!E4) -> 3.9668997e-05 | G5: =1-('lifetime scenario'!H4/baseline!F4) -> 3.158313e-05 | H5: =1-('lifetime scenario'!I4/baseline!G4) -> 3.1965968e-05 | I5: =1-('lifetime scenario'!J4/baseline!H4) -> 3.9902107e-05 | J5: =1-('lifetime scenario'!K4/baseline!I4) -> 2.1563066e-05 | ... L5: =1-('lifetime scenario'!M4/baseline!K4) -> 3.1833179e-05 | N5: 2026 | O5: =1-SUM('lifetime scenario'!D4:M4)/SUM(baseline!B4:K4) -> 4.0050414e-05 | Q5: 2025 | R5: =O4 -> 8.8561515e-06
B6: 2027 | C6: =1-('lifetime scenario'!D5/baseline!B5) -> 0.00016525021 | D6: =1-('lifetime scenario'!E5/baseline!C5) -> 8.925174e-05 | E6: =1-('lifetime scenario'!F5/baseline!D5) -> 8.9945246e-05 | F6: =1-('lifetime scenario'!G5/baseline!E5) -> 0.00012003876 | G6: =1-('lifetime scenario'!H5/baseline!F5) -> 9.3404161e-05 | H6: =1-('lifetime scenario'!I5/baseline!G5) -> 0.00010259758 | I6: =1-('lifetime scenario'!J5/baseline!H5) -> 0.00012660475 | J6: =1-('lifetime scenario'!K5/baseline!I5) -> 6.434124e-05 | ... L6: =1-('lifetime scenario'!M5/baseline!K5) -> 8.4714874e-05 | N6: 2027 | O6: =1-SUM('lifetime scenario'!D5:M5)/SUM(baseline!B5:K5) -> 0.00012305016 | Q6: 2030 | R6: =O9 -> 0.0013763783
B7: 2028 | C7: =1-('lifetime scenario'!D6/baseline!B6) -> 0.00043985275 | D7: =1-('lifetime scenario'!E6/baseline!C6) -> 0.00021053923 | E7: =1-('lifetime scenario'!F6/baseline!D6) -> 0.00021219005 | F7: =1-('lifetime scenario'!G6/baseline!E6) -> 0.00029923521 | G7: =1-('lifetime scenario'!H6/baseline!F6) -> 0.00022735917 | H7: =1-('lifetime scenario'!I6/baseline!G6) -> 0.00026798881 | I7: =1-('lifetime scenario'!J6/baseline!H6) -> 0.00032494943 | J7: =1-('lifetime scenario'!K6/baseline!I6) -> 0.00015761981 | ... L7: =1-('lifetime scenario'!M6/baseline!K6) -> 0.00019363229 | N7: 2028 | O7: =1-SUM('lifetime scenario'!D6:M6)/SUM(baseline!B6:K6) -> 0.0003114156 | Q7: 2035 | R7: =O14 -> 0.013221585
B8: 2029 | C8: =1-('lifetime scenario'!D7/baseline!B7) -> 0.0010167325 | D8: =1-('lifetime scenario'!E7/baseline!C7) -> 0.0004426113 | E8: =1-('lifetime scenario'!F7/baseline!D7) -> 0.00044815779 | F8: =1-('lifetime scenario'!G7/baseline!E7) -> 0.00065515772 | G8: =1-('lifetime scenario'!H7/baseline!F7) -> 0.000486243 | H8: =1-('lifetime scenario'!I7/baseline!G7) -> 0.0006103283 | I8: =1-('lifetime scenario'!J7/baseline!H7) -> 0.00072924111 | J8: =1-('lifetime scenario'!K7/baseline!I7) -> 0.00034226953 | ... L8: =1-('lifetime scenario'!M7/baseline!K7) -> 0.00039651415 | N8: 2029 | O8: =1-SUM('lifetime scenario'!D7:M7)/SUM(baseline!B7:K7) -> 0.0006905407 | Q8: 2040 | R8: =O19 -> 0.03910684
B9: 2030 | C9: =1-('lifetime scenario'!D8/baseline!B8) -> 0.0020935135 | D9: =1-('lifetime scenario'!E8/baseline!C8) -> 0.00085456441 | E9: =1-('lifetime scenario'!F8/baseline!D8) -> 0.00086839702 | F9: =1-('lifetime scenario'!G8/baseline!E8) -> 0.0012949208 | G9: =1-('lifetime scenario'!H8/baseline!F8) -> 0.00093951681 | H9: =1-('lifetime scenario'!I8/baseline!G8) -> 0.0012485847 | I9: =1-('lifetime scenario'!J8/baseline!H8) -> 0.0014771488 | J9: =1-('lifetime scenario'!K8/baseline!I8) -> 0.00068043562 | ... L9: =1-('lifetime scenario'!M8/baseline!K8) -> 0.00074238201 | N9: 2030 | O9: =1-SUM('lifetime scenario'!D8:M8)/SUM(baseline!B8:K8) -> 0.0013763783 | Q9: 2045 | R9: =O24 -> 0.071177025
B10: 2031 | C10: =1-('lifetime scenario'!D9/baseline!B9) -> 0.0038986108 | D10: =1-('lifetime scenario'!E9/baseline!C9) -> 0.0015363026 | E10: =1-('lifetime scenario'!F9/baseline!D9) -> 0.0015654595 | F10: =1-('lifetime scenario'!G9/baseline!E9) -> 0.002346888 | G10: =1-('lifetime scenario'!H9/baseline!F9) -> 0.0016660634 | H10: =1-('lifetime scenario'!I9/baseline!G9) -> 0.0023280633 | I10: =1-('lifetime scenario'!J9/baseline!H9) -> 0.0027357259 | J10: =1-('lifetime scenario'!K9/baseline!I9) -> 0.0012578607 | ... L10: =1-('lifetime scenario'!M9/baseline!K9) -> 0.0012856749 | N10: 2031 | O10: =1-SUM('lifetime scenario'!D9:M9)/SUM(baseline!B9:K9) -> 0.0025018116 | Q10: 2050 | R10: =O29 -> 0.10326126
B11: 2032 | C11: =1-('lifetime scenario'!D10/baseline!B10) -> 0.0066394484 | D11: =1-('lifetime scenario'!E10/baseline!C10) -> 0.0025978533 | E11: =1-('lifetime scenario'!F10/baseline!D10) -> 0.0026458931 | F11: =1-('lifetime scenario'!G10/baseline!E10) -> 0.0039410134 | G11: =1-('lifetime scenario'!H10/baseline!F10) -> 0.0027418342 | H11: =1-('lifetime scenario'!I10/baseline!G10) -> 0.0039918702 | I11: =1-('lifetime scenario'!J10/baseline!H10) -> 0.0046753987 | J11: =1-('lifetime scenario'!K10/baseline!I10) -> 0.0021793323 | ... L11: =1-('lifetime scenario'!M10/baseline!K10) -> 0.0020783674 | N11: 2032 | O11: =1-SUM('lifetime scenario'!D10:M10)/SUM(baseline!B10:K10) -> 0.0041905879
B12: 2033 | C12: =1-('lifetime scenario'!D11/baseline!B11) -> 0.010441069 | D12: =1-('lifetime scenario'!E11/baseline!C11) -> 0.004158393 | E12: =1-('lifetime scenario'!F11/baseline!D11) -> 0.0042198386 | F12: =1-('lifetime scenario'!G11/baseline!E11) -> 0.0061861315 | G12: =1-('lifetime scenario'!H11/baseline!F11) -> 0.0042258251 | H12: =1-('lifetime scenario'!I11/baseline!G11) -> 0.0063501634 | I12: =1-('lifetime scenario'!J11/baseline!H11) -> 0.0074475456 | J12: =1-('lifetime scenario'!K11/baseline!I11) -> 0.0035585162 | ... L12: =1-('lifetime scenario'!M11/baseline!K11) -> 0.0031641176 | N12: 2033 | O12: =1-SUM('lifetime scenario'!D11:M11)/SUM(baseline!B11:K11) -> 0.0065284393 | R12: I would consider this to be the Medium scenario
B13: 2034 | C13: =1-('lifetime scenario'!D12/baseline!B12) -> 0.015306196 | D13: =1-('lifetime scenario'!E12/baseline!C12) -> 0.0063291023 | E13: =1-('lifetime scenario'!F12/baseline!D12) -> 0.0063948929 | F13: =1-('lifetime scenario'!G12/baseline!E12) -> 0.0091460991 | G13: =1-('lifetime scenario'!H12/baseline!F12) -> 0.006152018 | H13: =1-('lifetime scenario'!I12/baseline!G12) -> 0.0094484661 | I13: =1-('lifetime scenario'!J12/baseline!H12) -> 0.011124737 | J13: =1-('lifetime scenario'!K12/baseline!I12) -> 0.0055037525 | ... L13: =1-('lifetime scenario'!M12/baseline!K12) -> 0.0045788216 | N13: 2034 | O13: =1-SUM('lifetime scenario'!D12:M12)/SUM(baseline!B12:K12) -> 0.0095463399 | R13: For a high scenario, I'd consider 16.7% total global production reduction, as suggested by this ref:
B14: 2035 | C14: =1-('lifetime scenario'!D13/baseline!B13) -> 0.021116225 | D14: =1-('lifetime scenario'!E13/baseline!C13) -> 0.0092091048 | E14: =1-('lifetime scenario'!F13/baseline!D13) -> 0.0092584984 | F14: =1-('lifetime scenario'!G13/baseline!E13) -> 0.012843268 | G14: =1-('lifetime scenario'!H13/baseline!F13) -> 0.0085291902 | H14: =1-('lifetime scenario'!I13/baseline!G13) -> 0.013259615 | I14: =1-('lifetime scenario'!J13/baseline!H13) -> 0.015688661 | J14: =1-('lifetime scenario'!K13/baseline!I13) -> 0.0080950364 | ... L14: =1-('lifetime scenario'!M13/baseline!K13) -> 0.0063567852 | N14: 2035 | O14: =1-SUM('lifetime scenario'!D13:M13)/SUM(baseline!B13:K13) -> 0.013221585 | R14: https://international-aluminium.org/wp-content/uploads/2022/09/Making-1.5-Aligned-Aluminium-possible.pdf
B15: 2036 | C15: =1-('lifetime scenario'!D14/baseline!B14) -> 0.027686904 | D15: =1-('lifetime scenario'!E14/baseline!C14) -> 0.012867507 | E15: =1-('lifetime scenario'!F14/baseline!D14) -> 0.012873352 | F15: =1-('lifetime scenario'!G14/baseline!E14) -> 0.017262082 | G15: =1-('lifetime scenario'!H14/baseline!F14) -> 0.011346191 | H15: =1-('lifetime scenario'!I14/baseline!G14) -> 0.017710067 | I15: =1-('lifetime scenario'!J14/baseline!H14) -> 0.021033159 | J15: =1-('lifetime scenario'!K14/baseline!I14) -> 0.011343335 | ... L15: =1-('lifetime scenario'!M14/baseline!K14) -> 0.0085345452 | N15: 2036 | O15: =1-SUM('lifetime scenario'!D14:M14)/SUM(baseline!B14:K14) -> 0.017496716 | R15: 16.7% is obtained from point 6 at page 15: "Without any action, aluminium demand is expected to rise 80% by 2050. Material efficiency can play a critical role in ensuring that aluminium is used effectively, potentially reducing demand by 29 Mt and limiting growth to 50%."
B16: 2037 | C16: =1-('lifetime scenario'!D15/baseline!B15) -> 0.03480598 | D16: =1-('lifetime scenario'!E15/baseline!C15) -> 0.017319992 | E16: =1-('lifetime scenario'!F15/baseline!D15) -> 0.017268703 | F16: =1-('lifetime scenario'!G15/baseline!E15) -> 0.022338749 | G16: =1-('lifetime scenario'!H15/baseline!F15) -> 0.014582004 | H16: =1-('lifetime scenario'!I15/baseline!G15) -> 0.022702273 | I16: =1-('lifetime scenario'!J15/baseline!H15) -> 0.026986896 | J16: =1-('lifetime scenario'!K15/baseline!I15) -> 0.015210824 | ... L16: =1-('lifetime scenario'!M15/baseline!K15) -> 0.011150615 | N16: 2037 | O16: =1-SUM('lifetime scenario'!D15:M15)/SUM(baseline!B15:K15) -> 0.02229473 | R16: =1-(150/180) -> 0.16666667
B17: 2038 | C17: =1-('lifetime scenario'!D16/baseline!B16) -> 0.042276017 | D17: =1-('lifetime scenario'!E16/baseline!C16) -> 0.022567715 | E17: =1-('lifetime scenario'!F16/baseline!D16) -> 0.022469402 | F17: =1-('lifetime scenario'!G16/baseline!E16) -> 0.02798157 | G17: =1-('lifetime scenario'!H16/baseline!F16) -> 0.018207372 | H17: =1-('lifetime scenario'!I16/baseline!G16) -> 0.028114618 | I17: =1-('lifetime scenario'!J16/baseline!H16) -> 0.033349243 | J17: =1-('lifetime scenario'!K16/baseline!I16) -> 0.019596177 | ... L17: =1-('lifetime scenario'!M16/baseline!K16) -> 0.01423099 | N17: 2038 | O17: =1-SUM('lifetime scenario'!D16:M16)/SUM(baseline!B16:K16) -> 0.027538059 | R17: Hence:
B18: 2039 | C18: =1-('lifetime scenario'!D17/baseline!B17) -> 0.049995778 | D18: =1-('lifetime scenario'!E17/baseline!C17) -> 0.028611393 | E18: =1-('lifetime scenario'!F17/baseline!D17) -> 0.028489053 | F18: =1-('lifetime scenario'!G17/baseline!E17) -> 0.03409553 | G18: =1-('lifetime scenario'!H17/baseline!F17) -> 0.022185917 | H18: =1-('lifetime scenario'!I17/baseline!G17) -> 0.033825552 | I18: =1-('lifetime scenario'!J17/baseline!H17) -> 0.03992437 | J18: =1-('lifetime scenario'!K17/baseline!I17) -> 0.024363231 | ... L18: =1-('lifetime scenario'!M17/baseline!K17) -> 0.017764795 | N18: 2039 | O18: =1-SUM('lifetime scenario'!D17:M17)/SUM(baseline!B17:K17) -> 0.033165856
B19: 2040 | C19: =1-('lifetime scenario'!D18/baseline!B18) -> 0.057892066 | D19: =1-('lifetime scenario'!E18/baseline!C18) -> 0.035385447 | E19: =1-('lifetime scenario'!F18/baseline!D18) -> 0.035285293 | F19: =1-('lifetime scenario'!G18/baseline!E18) -> 0.040567343 | G19: =1-('lifetime scenario'!H18/baseline!F18) -> 0.02648228 | H19: =1-('lifetime scenario'!I18/baseline!G18) -> 0.039716975 | I19: =1-('lifetime scenario'!J18/baseline!H18) -> 0.046531585 | J19: =1-('lifetime scenario'!K18/baseline!I18) -> 0.029369208 | ... L19: =1-('lifetime scenario'!M18/baseline!K18) -> 0.021701101 | N19: 2040 | O19: =1-SUM('lifetime scenario'!D18:M18)/SUM(baseline!B18:K18) -> 0.03910684 | R19: Global | S19: Global
B20: 2041 | C20: =1-('lifetime scenario'!D19/baseline!B19) -> 0.065896726 | D20: =1-('lifetime scenario'!E19/baseline!C19) -> 0.042768109 | E20: =1-('lifetime scenario'!F19/baseline!D19) -> 0.042800522 | F20: =1-('lifetime scenario'!G19/baseline!E19) -> 0.047287047 | G20: =1-('lifetime scenario'!H19/baseline!F19) -> 0.031050049 | H20: =1-('lifetime scenario'!I19/baseline!G19) -> 0.045670407 | I20: =1-('lifetime scenario'!J19/baseline!H19) -> 0.053045053 | J20: =1-('lifetime scenario'!K19/baseline!I19) -> 0.034471836 | ... L20: =1-('lifetime scenario'!M19/baseline!K19) -> 0.025960069 | N20: 2041 | O20: =1-SUM('lifetime scenario'!D19:M19)/SUM(baseline!B19:K19) -> 0.045282459 | R20: Medium | S20: High
B21: 2042 | C21: =1-('lifetime scenario'!D20/baseline!B20) -> 0.073992933 | D21: =1-('lifetime scenario'!E20/baseline!C20) -> 0.050642146 | E21: =1-('lifetime scenario'!F20/baseline!D20) -> 0.051028838 | F21: =1-('lifetime scenario'!G20/baseline!E20) -> 0.054135695 | G21: =1-('lifetime scenario'!H20/baseline!F20) -> 0.035847939 | H21: =1-('lifetime scenario'!I20/baseline!G20) -> 0.051615726 | I21: =1-('lifetime scenario'!J20/baseline!H20) -> 0.059417993 | J21: =1-('lifetime scenario'!K20/baseline!I20) -> 0.039441571 | ... L21: =1-('lifetime scenario'!M20/baseline!K20) -> 0.030420536 | N21: 2042 | O21: =1-SUM('lifetime scenario'!D20:M20)/SUM(baseline!B20:K20) -> 0.05163224 | Q21: 2019 | R21: =R3 -> 0 | S21: =R21*$S$28/$R$28 -> 0
B22: 2043 | C22: =1-('lifetime scenario'!D21/baseline!B21) -> 0.082146456 | D22: =1-('lifetime scenario'!E21/baseline!C21) -> 0.058965022 | E22: =1-('lifetime scenario'!F21/baseline!D21) -> 0.05996935 | F22: =1-('lifetime scenario'!G21/baseline!E21) -> 0.060988865 | G22: =1-('lifetime scenario'!H21/baseline!F21) -> 0.040843363 | H22: =1-('lifetime scenario'!I21/baseline!G21) -> 0.05747553 | I22: =1-('lifetime scenario'!J21/baseline!H21) -> 0.065618501 | J22: =1-('lifetime scenario'!K21/baseline!I21) -> 0.044164166 | ... L22: =1-('lifetime scenario'!M21/baseline!K21) -> 0.034943055 | N22: 2043 | O22: =1-SUM('lifetime scenario'!D21:M21)/SUM(baseline!B21:K21) -> 0.0580983 | Q22: 2023 | R22: =R4 -> 0 | S22: =R22*$S$28/$R$28 -> 0
B23: 2044 | C23: =1-('lifetime scenario'!D22/baseline!B22) -> 0.090396276 | D23: =1-('lifetime scenario'!E22/baseline!C22) -> 0.067647293 | E23: =1-('lifetime scenario'!F22/baseline!D22) -> 0.069459407 | F23: =1-('lifetime scenario'!G22/baseline!E22) -> 0.067768867 | G23: =1-('lifetime scenario'!H22/baseline!F22) -> 0.045995547 | H23: =1-('lifetime scenario'!I22/baseline!G22) -> 0.063164424 | I23: =1-('lifetime scenario'!J22/baseline!H22) -> 0.071651695 | J23: =1-('lifetime scenario'!K22/baseline!I22) -> 0.048683202 | ... L23: =1-('lifetime scenario'!M22/baseline!K22) -> 0.039429635 | N23: 2044 | O23: =1-SUM('lifetime scenario'!D22:M22)/SUM(baseline!B22:K22) -> 0.064627882 | Q23: 2025 | R23: =R5 -> 8.8561515e-06 | S23: =R23*$S$28/$R$28 -> 1.4322673e-05
B24: 2045 | C24: =1-('lifetime scenario'!D23/baseline!B23) -> 0.098821623 | D24: =1-('lifetime scenario'!E23/baseline!C23) -> 0.076453542 | E24: =1-('lifetime scenario'!F23/baseline!D23) -> 0.079324128 | F24: =1-('lifetime scenario'!G23/baseline!E23) -> 0.074411359 | G24: =1-('lifetime scenario'!H23/baseline!F23) -> 0.051274366 | H24: =1-('lifetime scenario'!I23/baseline!G23) -> 0.068650174 | I24: =1-('lifetime scenario'!J23/baseline!H23) -> 0.077573175 | J24: =1-('lifetime scenario'!K23/baseline!I23) -> 0.05298143 | ... L24: =1-('lifetime scenario'!M23/baseline!K23) -> 0.043821493 | N24: 2045 | O24: =1-SUM('lifetime scenario'!D23:M23)/SUM(baseline!B23:K23) -> 0.071177025 | Q24: 2030 | R24: =R6 -> 0.0013763783 | S24: =R24*$S$28/$R$28 -> 0.0022259574
B25: 2046 | C25: =1-('lifetime scenario'!D24/baseline!B24) -> 0.10742777 | D25: =1-('lifetime scenario'!E24/baseline!C24) -> 0.085340897 | E25: =1-('lifetime scenario'!F24/baseline!D24) -> 0.089421157 | F25: =1-('lifetime scenario'!G24/baseline!E24) -> 0.080893531 | G25: =1-('lifetime scenario'!H24/baseline!F24) -> 0.056669727 | H25: =1-('lifetime scenario'!I24/baseline!G24) -> 0.073940917 | I25: =1-('lifetime scenario'!J24/baseline!H24) -> 0.083426433 | J25: =1-('lifetime scenario'!K24/baseline!I24) -> 0.057042712 | ... L25: =1-('lifetime scenario'!M24/baseline!K24) -> 0.048079181 | N25: 2046 | O25: =1-SUM('lifetime scenario'!D24:M24)/SUM(baseline!B24:K24) -> 0.077714356 | Q25: 2035 | R25: =R7 -> 0.013221585 | S25: =R25*$S$28/$R$28 -> 0.021382702
B26: 2047 | C26: =1-('lifetime scenario'!D25/baseline!B25) -> 0.11609864 | D26: =1-('lifetime scenario'!E25/baseline!C25) -> 0.094128836 | E26: =1-('lifetime scenario'!F25/baseline!D25) -> 0.099670598 | F26: =1-('lifetime scenario'!G25/baseline!E25) -> 0.087202921 | G26: =1-('lifetime scenario'!H25/baseline!F25) -> 0.062183459 | H26: =1-('lifetime scenario'!I25/baseline!G25) -> 0.079122902 | I26: =1-('lifetime scenario'!J25/baseline!H25) -> 0.0892529 | J26: =1-('lifetime scenario'!K25/baseline!I25) -> 0.060878177 | ... L26: =1-('lifetime scenario'!M25/baseline!K25) -> 0.052219626 | N26: 2047 | O26: =1-SUM('lifetime scenario'!D25:M25)/SUM(baseline!B25:K25) -> 0.084200272 | Q26: 2040 | R26: =R8 -> 0.03910684 | S26: =R26*$S$28/$R$28 -> 0.063245812
B27: 2048 | C27: =1-('lifetime scenario'!D26/baseline!B26) -> 0.12482085 | D27: =1-('lifetime scenario'!E26/baseline!C26) -> 0.10270446 | E27: =1-('lifetime scenario'!F26/baseline!D26) -> 0.10997664 | F27: =1-('lifetime scenario'!G26/baseline!E26) -> 0.093400598 | G27: =1-('lifetime scenario'!H26/baseline!F26) -> 0.06780536 | H27: =1-('lifetime scenario'!I26/baseline!G26) -> 0.084279645 | I27: =1-('lifetime scenario'!J26/baseline!H26) -> 0.095117363 | J27: =1-('lifetime scenario'!K26/baseline!I26) -> 0.064607237 | ... L27: =1-('lifetime scenario'!M26/baseline!K26) -> 0.056285964 | N27: 2048 | O27: =1-SUM('lifetime scenario'!D26:M26)/SUM(baseline!B26:K26) -> 0.090625723 | Q27: 2045 | R27: =R9 -> 0.071177025 | S27: =R27*$S$28/$R$28 -> 0.11511154
B28: 2049 | C28: =1-('lifetime scenario'!D27/baseline!B27) -> 0.13358915 | D28: =1-('lifetime scenario'!E27/baseline!C27) -> 0.11109334 | E28: =1-('lifetime scenario'!F27/baseline!D27) -> 0.12019556 | F28: =1-('lifetime scenario'!G27/baseline!E27) -> 0.099549015 | G28: =1-('lifetime scenario'!H27/baseline!F27) -> 0.073525088 | H28: =1-('lifetime scenario'!I27/baseline!G27) -> 0.089458933 | I28: =1-('lifetime scenario'!J27/baseline!H27) -> 0.10109188 | J28: =1-('lifetime scenario'!K27/baseline!I27) -> 0.068390602 | ... L28: =1-('lifetime scenario'!M27/baseline!K27) -> 0.060334022 | N28: 2049 | O28: =1-SUM('lifetime scenario'!D27:M27)/SUM(baseline!B27:K27) -> 0.096991843 | Q28: 2050 | R28: =R10 -> 0.10326126 | S28: 0.167
B29: 2050 | C29: =1-('lifetime scenario'!D28/baseline!B28) -> 0.14223958 | D29: =1-('lifetime scenario'!E28/baseline!C28) -> 0.11909343 | E29: =1-('lifetime scenario'!F28/baseline!D28) -> 0.13015387 | F29: =1-('lifetime scenario'!G28/baseline!E28) -> 0.10559853 | G29: =1-('lifetime scenario'!H28/baseline!F28) -> 0.079345025 | H29: =1-('lifetime scenario'!I28/baseline!G28) -> 0.094627396 | I29: =1-('lifetime scenario'!J28/baseline!H28) -> 0.10716746 | J29: =1-('lifetime scenario'!K28/baseline!I28) -> 0.072330974 | ... L29: =1-('lifetime scenario'!M28/baseline!K28) -> 0.064469802 | N29: 2050 | O29: =1-SUM('lifetime scenario'!D28:M28)/SUM(baseline!B28:K28) -> 0.10326126
