Workbook

Sheet Data
A1: Source | B1: [Pietro - can you fill this in?]
A3: MISO2_country | B3: ISO3166-1-Alpha-3 | C3: OMNIA_Region | D3: Sector | E3: Metric | G3: Unit | H3: 1951 | I3: 1952 | J3: 1953 | K3: 1954 | L3: 1955 | M3: 1956 | N3: 1957 | O3: 1958 | P3: 1959 | Q3: 1960 | R3: 1961 | S3: 1962 | T3: 1963 | U3: 1964 | V3: 1965 | W3: 1966 | X3: 1967 | Y3: 1968 | Z3: 1969 | AA3: 1970 | AB3: 1971 | AC3: 1972 | AD3: 1973 | AE3: 1974 | AF3: 1975 | AG3: 1976 | AH3: 1977 | AI3: 1978 | AJ3: 1979 | AK3: 1980 | AL3: 1981 | AM3: 1982 | AN3: 1983 | AO3: 1984 | AP3: 1985 | AQ3: 1986 | AR3: 1987 | AS3: 1988 | AT3: 1989 | AU3: 1990 | AV3: 1991 | AW3: 1992 | AX3: 1993 | AY3: 1994 | AZ3: 1995 | BA3: 1996 | BB3: 1997 | BC3: 1998 | BD3: 1999 | BE3: 2000 | BF3: 2001 | BG3: 2002 | BH3: 2003 | BI3: 2004 | BJ3: 2005 | BK3: 2006 | BL3: 2007 | BM3: 2008 | BN3: 2009 | BO3: 2010 | BP3: 2011 | BQ3: 2012 | BR3: 2013 | BS3: 2014 | BT3: 2015 | BU3: 2016 | BV3: 2017 | BW3: 2018 | BX3: 2019 | BY3: 2020 | BZ3: 2021 | CA3: 2022 | CB3: 2023 | CC3: 2024 | CD3: 2025 | CE3: 2026 | CF3: 2027 | CG3: 2028 | CH3: 2029 | CI3: 2030 | CJ3: 2031 | CK3: 2032 | CL3: 2033 | CM3: 2034 | CN3: 2035 | CO3: 2036 | CP3: 2037 | CQ3: 2038 | CR3: 2039 | CS3: 2040 | CT3: 2041 | CU3: 2042 | CV3: 2043 | CW3: 2044 | CX3: 2045 | CY3: 2046 | CZ3: 2047 | DA3: 2048 | DB3: 2049 | DC3: 2050 | DD3: 2051 | DE3: 2052 | DF3: 2053 | DG3: 2054 | DH3: 2055 | DI3: 2056 | DJ3: 2057 | DK3: 2058 | DL3: 2059 | DM3: 2060 | DN3: 2061 | DO3: 2062 | DP3: 2063 | DQ3: 2064 | DR3: 2065 | DS3: 2066 | DT3: 2067 | DU3: 2068 | DV3: 2069 | DW3: 2070 | DX3: 2071 | DY3: 2072 | DZ3: 2073 | EA3: 2074 | EB3: 2075 | EC3: 2076 | ED3: 2077 | EE3: 2078 | EF3: 2079 | EG3: 2080 | EH3: 2081 | EI3: 2082 | EJ3: 2083 | EK3: 2084 | EL3: 2085 | EM3: 2086 | EN3: 2087 | EO3: 2088 | EP3: 2089 | EQ3: 2090 | ER3: 2091 | ES3: 2092 | ET3: 2093 | EU3: 2094 | EV3: 2095 | EW3: 2096 | EX3: 2097 | EY3: 2098 | EZ3: 2099 | FA3: 2100
A4: Afghanistan | B4: AFG | C4: =VLOOKUP(B4,CountryCodes!$B$4:$C$179,2,FALSE) -> ASC | D4: Total | E4: End-use steel consumption [kt] | F4: EUSC | G4: kt | H4: 3.2708518 | I4: 3.4211707 | J4: 3.7698067 | K4: 4.1087108 | L4: 4.639088 | M4: 4.9758803 | N4: 5.5216654 | O4: 5.2986736 | P4: 6.0645178 | Q4: 6.9875945 | R4: 7.3365826 | S4: 7.7180006 | T4: 13.829594 | U4: 13.035168 | V4: 18.120848 | W4: 13.829499 | X4: 12.572896 | Y4: 12.774002 | Z4: 12.610081 | AA4: 13.580005 | AB4: 21.4474 | AC4: 19.762028 | AD4: 13.760513 | AE4: 15.624339 | AF4: 20.697891 | AG4: 29.60693 | AH4: 56.562522 | AI4: 44.317592 | AJ4: 31.691094 | AK4: 20.231966 | AL4: 18.172787 | AM4: 22.077036 | AN4: 23.682518 | AO4: 33.217145 | AP4: 23.431756 | AQ4: 22.28717 | AR4: 24.946597 | AS4: 17.840378 | AT4: 8.5677399 | AU4: 11.922826 | AV4: 12.570518 | AW4: 12.462457 | AX4: 18.054112 | AY4: 13.491434 | AZ4: 9.7270071 | BA4: 36.207814 | BB4: 39.845181 | BC4: 352.97056 | BD4: 387.8239 | BE4: 18.374023 | BF4: 37.751017 | BG4: 122.02976 | BH4: 235.97314 | BI4: 388.79663 | BJ4: 573.75333 | BK4: 425.89378 | BL4: 423.84572 | BM4: 434.86552 | BN4: 435.18591 | BO4: 647.07231 | BP4: 884.4145 | BQ4: 634.07572 | BR4: 708.27765 | BS4: 685.40556 | BT4: 580.53766 | BU4: 771.62348 | BV4: 731.13417 | BW4: 813.31062 | BX4: 888.7068 | BY4: 972.35208 | BZ4: 1080.9212 | CA4: 929.02142 | CB4: 987.58766 | CC4: 1273.1365 | CD4: 1372.715 | CE4: 1460.2043 | CF4: 1570.2853 | CG4: 1667.0538 | CH4: 1780.9011 | CI4: 1933.5872 | CJ4: 2085.3313 | CK4: 2228.4734 | CL4: 2372.0759 | CM4: 2543.0802 | CN4: 2674.791 | CO4: 2858.2836 | CP4: 3067.783 | CQ4: 3280.6685 | CR4: 3484.7297 | CS4: 3777.6419 | CT4: 4059.0733 | CU4: 4280.7551 | CV4: 4494.4597 | CW4: 4850.5145 | CX4: 5131.0114 | CY4: 5480.5525 | CZ4: 5917.3152 | DA4: 6230.0259 | DB4: 6653.0992 | DC4: 7171.6675 | DD4: 7418.4881 | DE4: 7805.5358 | DF4: 8431.0302 | DG4: 8954.0535 | DH4: 9488.5876 | DI4: 10048.26 | DJ4: 10671.395 | DK4: 11248.103 | DL4: 11748.911 | DM4: 12194.586 | DN4: 12883.778 | DO4: 13410.852 | DP4: 14302.34 | DQ4: 14949.991 | DR4: 15760.274 | DS4: 16449.924 | DT4: 16777.848 | DU4: 17411.561 | DV4: 18345.09 | DW4: 18827.143 | DX4: 19730.288 | DY4: 19879.007 | DZ4: 20631.237 | EA4: 21486.114 | EB4: 21696.848 | EC4: 21823.013 | ED4: 22520.002 | EE4: 23141.155 | EF4: 23254.615 | EG4: 24433.384 | EH4: 24415.728 | EI4: 24181.887 | EJ4: 24527.412 | EK4: 24770.991 | EL4: 25808.45 | EM4: 25672.961 | EN4: 25334.175 | EO4: 26276.223 | EP4: 26150.588 | EQ4: 26337.364 | ER4: 27064.149 | ES4: 26681.857 | ET4: 26837.632 | EU4: 27028.437 | EV4: 27044.486 | EW4: 26996.95 | EX4: 27087.647 | EY4: 27346.407 | EZ4: 27437.333 | FA4: 27557.001
A5: Angola | B5: AGO | C5: =VLOOKUP(B5,CountryCodes!$B$4:$C$179,2,FALSE) -> AFZ | D5: Total | E5: End-use steel consumption [kt] | F5: EUSC | G5: kt | H5: 19.021821 | I5: 19.962786 | J5: 22.058678 | K5: 24.144051 | L5: 27.385261 | M5: 29.515296 | N5: 32.896778 | O5: 31.721385 | P5: 36.335249 | Q5: 42.060943 | R5: 44.339269 | S5: 47.719028 | T5: 38.772388 | U5: 48.165975 | V5: 62.620628 | W5: 91.835974 | X5: 137.21732 | Y5: 156.43913 | Z5: 142.61305 | AA5: 141.21851 | AB5: 195.80918 | AC5: 176.96324 | AD5: 167.1935 | AE5: 173.15888 | AF5: 55.718807 | AG5: 25.008773 | AH5: 60.914525 | AI5: 57.170517 | AJ5: 90.851079 | AK5: 112.21643 | AL5: 145.82518 | AM5: 99.791079 | AN5: 82.329642 | AO5: 104.89189 | AP5: 96.786956 | AQ5: 128.09255 | AR5: 94.02364 | AS5: 124.5549 | AT5: 109.10756 | AU5: 89.951268 | AV5: 145.65356 | AW5: 130.60753 | AX5: 94.057887 | AY5: 74.046498 | AZ5: 73.300167 | BA5: 105.73196 | BB5: 137.70598 | BC5: 163.05485 | BD5: 139.86752 | BE5: 115.36555 | BF5: 199.31446 | BG5: 240.28322 | BH5: 307.22331 | BI5: 382.41683 | BJ5: 531.30548 | BK5: 837.81722 | BL5: 998.38274 | BM5: 1706.3798 | BN5: 1664.7918 | BO5: 1002.3924 | BP5: 1284.6714 | BQ5: 1751.7305 | BR5: 2320.3789 | BS5: 2735.5457 | BT5: 1850.4797 | BU5: 676.65479 | BV5: 887 | BW5: 839 | BX5: 777 | BY5: 473 | BZ5: 470 | CA5: 563 | CB5: 433 | CC5: 2489.108 | CD5: 2615.9313 | CE5: 2747.8125 | CF5: 2892.8073 | CG5: 3040.9281 | CH5: 3206.9278 | CI5: 3382.6812 | CJ5: 3571.0027 | CK5: 3764.5374 | CL5: 3953.1445 | CM5: 4168.1994 | CN5: 4397.8194 | CO5: 4651.5244 | CP5: 4943.2087 | CQ5: 5235.1826 | CR5: 5570.4121 | CS5: 5893.067 | CT5: 6233.9846 | CU5: 6569.3007 | CV5: 6934.0642 | CW5: 7322.836 | CX5: 7711.3879 | CY5: 8115.4633 | CZ5: 8588.9771 | DA5: 9031.1471 | DB5: 9520.148 | DC5: 10028.746 | DD5: 10529.953 | DE5: 11040.784 | DF5: 11613.364 | DG5: 12159.871 | DH5: 12744.32 | DI5: 13334.803 | DJ5: 13902.756 | DK5: 14564.559 | DL5: 15181.221 | DM5: 15824.419 | DN5: 16486.259 | DO5: 17199.472 | DP5: 17823.259 | DQ5: 18563.329 | DR5: 19245.667 | DS5: 19936.246 | DT5: 20639.123 | DU5: 21338.72 | DV5: 22056.258 | DW5: 22781.234 | DX5: 23462.225 | DY5: 24129.988 | DZ5: 24797.968 | EA5: 25501.884 | EB5: 26095.627 | EC5: 26592.64 | ED5: 27181.763 | EE5: 27849.929 | EF5: 28414.549 | EG5: 28804.233 | EH5: 29506.242 | EI5: 29778.416 | EJ5: 30182.582 | EK5: 30548.575 | EL5: 31039.818 | EM5: 31397.785 | EN5: 31713.129 | EO5: 31836.903 | EP5: 32280.587 | EQ5: 32524.758 | ER5: 32635.328 | ES5: 32725.655 | ET5: 32739.952 | EU5: 32841.37 | EV5: 32984.35 | EW5: 33024.274 | EX5: 32986.419 | EY5: 32990.067 | EZ5: 33126.328 | FA5: 32984.629
A6: Albania | B6: ALB | C6: =VLOOKUP(B6,CountryCodes!$B$4:$C$179,2,FALSE) -> ENE | D6: Total | E6: End-use steel consumption [kt] | F6: EUSC | G6: kt | H6: 0.74549868 | I6: 0.78748885 | J6: 0.88854114 | K6: 0.98783097 | L6: 1.1450362 | M6: 1.2454173 | N6: 1.408399 | O6: 1.3421019 | P6: 1.5702737 | Q6: 1.8502647 | R6: 1.9606619 | S6: 2.0124596 | T6: 6.911604 | U6: 6.8964603 | V6: 44.746463 | W6: 41.681187 | X6: 55.357119 | Y6: 51.20039 | Z6: 64.665072 | AA6: 68.251634 | AB6: 68.747965 | AC6: 68.824329 | AD6: 79.580603 | AE6: 78.836249 | AF6: 78.146939 | AG6: 72.349231 | AH6: 87.933717 | AI6: 72.559558 | AJ6: 82.561943 | AK6: 160.83095 | AL6: 136.91969 | AM6: 174.98252 | AN6: 169.80808 | AO6: 194.6273 | AP6: 200.29798 | AQ6: 179.85576 | AR6: 139.75919 | AS6: 206.1298 | AT6: 226.53416 | AU6: 169.67688 | AV6: 57.105078 | AW6: 49.150312 | AX6: 75.290503 | AY6: 89.746176 | AZ6: 105.32068 | BA6: 124.15546 | BB6: 112.65266 | BC6: 130.28819 | BD6: 158.15928 | BE6: 202.70169 | BF6: 348.18995 | BG6: 376.41746 | BH6: 403.14 | BI6: 411.37629 | BJ6: 490.957 | BK6: 565.85352 | BL6: 626.14725 | BM6: 447.27306 | BN6: 465.15789 | BO6: 494.01361 | BP6: 532.57779 | BQ6: 565.84831 | BR6: 561.41707 | BS6: 478.21146 | BT6: 323.14942 | BU6: 367.15607 | BV6: 247 | BW6: 229 | BX6: 300 | BY6: 305 | BZ6: 338 | CA6: 405 | CB6: 418 | CC6: 852.32024 | CD6: 904.88117 | CE6: 952.54723 | CF6: 1004.4368 | CG6: 1055.2121 | CH6: 1094.387 | CI6: 1128.9193 | CJ6: 1149.6799 | CK6: 1165.437 | CL6: 1162.7815 | CM6: 1138.8637 | CN6: 1099.8676 | CO6: 1051.6692 | CP6: 977.9622 | CQ6: 894.27773 | CR6: 803.64067 | CS6: 697.41068 | CT6: 605.86442 | CU6: 510.28986 | CV6: 427.71029 | CW6: 349.06984 | CX6: 286.5505 | CY6: 223.17002 | CZ6: 186.25448 | DA6: 185.14227 | DB6: 182.55046 | DC6: 181.20327 | DD6: 180.16588 | DE6: 180.25509 | DF6: 177.12794 | DG6: 174.45692 | DH6: 171.77603 | DI6: 169.02667 | DJ6: 167.01141 | DK6: 164.00227 | DL6: 162.57821 | DM6: 160.51272 | DN6: 159.65004 | DO6: 159.43316 | DP6: 158.58721 | DQ6: 157.14981 | DR6: 155.95697 | DS6: 153.70889 | DT6: 151.9193 | DU6: 146.77541 | DV6: 142.47408 | DW6: 137.54682 | DX6: 131.78517 | DY6: 125.66862 | DZ6: 119.9702 | EA6: 114.97998 | EB6: 108.51464 | EC6: 104.9644 | ED6: 101.96654 | EE6: 97.906173 | EF6: 95.82864 | EG6: 93.737341 | EH6: 90.789274 | EI6: 89.074213 | EJ6: 87.060457 | EK6: 85.696006 | EL6: 84.685811 | EM6: 86.548889 | EN6: 96.569897 | EO6: 108.01736 | EP6: 115.37672 | EQ6: 125.74404 | ER6: 136.58031 | ES6: 146.72155 | ET6: 156.35235 | EU6: 166.02527 | EV6: 175.02874 | EW6: 183.47632 | EX6: 190.31446 | EY6: 196.51824 | EZ6: 201.71883 | FA6: 206.4591
A7: United Arab Emirates | B7: ARE | C7: =VLOOKUP(B7,CountryCodes!$B$4:$C$179,2,FALSE) -> MEA | D7: Total | E7: End-use steel consumption [kt] | F7: EUSC | G7: kt | H7: 0 | I7: 0 | J7: 0 | K7: 0 | L7: 0 | M7: 0 | N7: 0 | O7: 0 | P7: 0 | Q7: 0 | R7: 0 | S7: 0 | T7: 0 | U7: 0 | V7: 0 | W7: 0 | X7: 0 | Y7: 0 | Z7: 0 | AA7: 41.227136 | AB7: 40.940422 | AC7: 172.29437 | AD7: 308.16927 | AE7: 430.49758 | AF7: 585.91811 | AG7: 1103.7393 | AH7: 1036.1272 | AI7: 821.01708 | AJ7: 1025.8673 | AK7: 1058.9408 | AL7: 1173.9758 | AM7: 1208.8475 | AN7: 895.43065 | AO7: 593.34599 | AP7: 569.35128 | AQ7: 494.62056 | AR7: 464.40449 | AS7: 495.8474 | AT7: 782.27329 | AU7: 876.51203 | AV7: 1009.4724 | AW7: 1205.0671 | AX7: 1223.3172 | AY7: 1963.6368 | AZ7: 1824.298 | BA7: 2103.596 | BB7: 1635.0388 | BC7: 3515.8931 | BD7: 2684.6471 | BE7: 2622.6776 | BF7: 2869.6262 | BG7: 3593.9411 | BH7: 4213.8378 | BI7: 4494.4529 | BJ7: 5134.6335 | BK7: 8435.9665 | BL7: 9777.4632 | BM7: 13417.796 | BN7: 6684.49 | BO7: 4146.5722 | BP7: 3997.4126 | BQ7: 6351.4296 | BR7: 6541.8757 | BS7: 7081.7787 | BT7: 7487.677 | BU7: 7405.71 | BV7: 9735 | BW7: 9305 | BX7: 9375 | BY7: 6340 | BZ7: 5102 | CA7: 6056 | CB7: 7044 | CC7: 8126.5995 | CD7: 8210.3324 | CE7: 6926.0755 | CF7: 6135.1896 | CG7: 5747.6477 | CH7: 5564.787 | CI7: 5657.2895 | CJ7: 5922.0703 | CK7: 6271.6824 | CL7: 6506.4399 | CM7: 6603.8484 | CN7: 6602.3061 | CO7: 6569.373 | CP7: 6577.4329 | CQ7: 6645.9446 | CR7: 6768.0338 | CS7: 6895.6778 | CT7: 7012.581 | CU7: 7107.8051 | CV7: 7190.222 | CW7: 7276.7053 | CX7: 7377.0191 | CY7: 7482.0843 | CZ7: 7615.1526 | DA7: 7753.2806 | DB7: 7838.4896 | DC7: 7918.1213 | DD7: 7986.5441 | DE7: 8077.2219 | DF7: 8201.3916 | DG7: 8352.8828 | DH7: 8523.0372 | DI7: 8676.2167 | DJ7: 8835.6192 | DK7: 8999.5039 | DL7: 9160.0891 | DM7: 9314.3165 | DN7: 9459.2456 | DO7: 9623.8543 | DP7: 9789.9141 | DQ7: 9945.5724 | DR7: 10101.658 | DS7: 10250.837 | DT7: 10401.842 | DU7: 10563.475 | DV7: 10722.511 | DW7: 10883.932 | DX7: 11029.63 | DY7: 11181.174 | DZ7: 11314.235 | EA7: 11454.047 | EB7: 11565.69 | EC7: 11682.841 | ED7: 11792.136 | EE7: 11895.28 | EF7: 11989.017 | EG7: 12083.487 | EH7: 12173.252 | EI7: 12264.648 | EJ7: 12351.749 | EK7: 12438.044 | EL7: 12516.848 | EM7: 12598.887 | EN7: 12686.352 | EO7: 12776.284 | EP7: 12861.78 | EQ7: 12950.665 | ER7: 13029.2 | ES7: 13116.703 | ET7: 13206.15 | EU7: 13299.02 | EV7: 13393.506 | EW7: 13489.377 | EX7: 13588.208 | EY7: 13686.409 | EZ7: 13791.649 | FA7: 13890.326
A8: Argentina | B8: ARG | C8: =VLOOKUP(B8,CountryCodes!$B$4:$C$179,2,FALSE) -> LAM | D8: Total | E8: End-use steel consumption [kt] | F8: EUSC | G8: kt | H8: 482.14224 | I8: 500.1289 | J8: 551.37347 | K8: 586.67868 | L8: 672.50566 | M8: 699.07316 | N8: 780.89809 | O8: 768.52055 | P8: 839.4346 | Q8: 1081.8612 | R8: 1312.0413 | S8: 1430.2568 | T8: 943.56621 | U8: 1384.4841 | V8: 1966.914 | W8: 1417.1571 | X8: 1362.7497 | Y8: 1562.2361 | Z8: 2394.0533 | AA8: 2419.6193 | AB8: 2515.3698 | AC8: 2608.0172 | AD8: 2606.3086 | AE8: 2637.2684 | AF8: 2924.9858 | AG8: 2245.8973 | AH8: 2733.8423 | AI8: 2092.7999 | AJ8: 2990.125 | AK8: 2780.7765 | AL8: 2134.8787 | AM8: 2189.813 | AN8: 2378.5878 | AO8: 2214.6364 | AP8: 1813.9436 | AQ8: 1892.2265 | AR8: 2499.5424 | AS8: 2317.2544 | AT8: 1432.11 | AU8: 1307.5433 | AV8: 1639.8445 | AW8: 2574.9242 | AX8: 2497.5174 | AY8: 3226.5093 | AZ8: 2677.1975 | BA8: 3125.2661 | BB8: 3930.2512 | BC8: 3966.4512 | BD8: 2869.0918 | BE8: 2752.4018 | BF8: 2346.2797 | BG8: 1529.6078 | BH8: 2577.9846 | BI8: 3524.7417 | BJ8: 3746.6472 | BK8: 4177.2223 | BL8: 4400.927 | BM8: 4860.9219 | BN8: 2697.5284 | BO8: 4832.0198 | BP8: 5413.5636 | BQ8: 4664.6203 | BR8: 4960.6388 | BS8: 4842.2877 | BT8: 5222.039 | BU8: 4317.4962 | BV8: 6494 | BW8: 6271 | BX8: 4829 | BY8: 3595 | BZ8: 5037 | CA8: 5084 | CB8: 4987 | CC8: 6489.6642 | CD8: 6699.6196 | CE8: 6896.7527 | CF8: 7107.3216 | CG8: 7332.2098 | CH8: 7564.1491 | CI8: 7806.5686 | CJ8: 8050.2056 | CK8: 8290.8782 | CL8: 8526.8751 | CM8: 8769.5927 | CN8: 9019.6699 | CO8: 9276.9598 | CP8: 9545.2885 | CQ8: 9817.2433 | CR8: 10084.231 | CS8: 10337.737 | CT8: 10586.286 | CU8: 10824.265 | CV8: 11058.722 | CW8: 11293.627 | CX8: 11524.457 | CY8: 11747.516 | CZ8: 11959.088 | DA8: 12162.598 | DB8: 12355.69 | DC8: 12542.091 | DD8: 12711.183 | DE8: 12859.995 | DF8: 12994.537 | DG8: 13109.203 | DH8: 13213.381 | DI8: 13293.334 | DJ8: 13355.286 | DK8: 13407.335 | DL8: 13447.176 | DM8: 13484.313 | DN8: 13500.733 | DO8: 13511.778 | DP8: 13511.666 | DQ8: 13499.631 | DR8: 13472.896 | DS8: 13431.43 | DT8: 13378.98 | DU8: 13305.607 | DV8: 13205.193 | DW8: 13092.7 | DX8: 12971.191 | DY8: 12828.03 | DZ8: 12681.741 | EA8: 12512.597 | EB8: 12326.963 | EC8: 12148.081 | ED8: 11950.323 | EE8: 11757.03 | EF8: 11539.988 | EG8: 11332.448 | EH8: 11120.551 | EI8: 10910.331 | EJ8: 10698.234 | EK8: 10494.719 | EL8: 10303.239 | EM8: 10112.696 | EN8: 9941.1841 | EO8: 9780.4196 | EP8: 9626.4671 | EQ8: 9477.975 | ER8: 9338.9815 | ES8: 9219.8983 | ET8: 9110.6695 | EU8: 9017.1026 | EV8: 8941.4212 | EW8: 8865.0099 | EX8: 8805.1927 | EY8: 8757.5353 | EZ8: 8717.749 | FA8: 8684.2957
A9: Armenia | B9: ARM | C9: =VLOOKUP(B9,CountryCodes!$B$4:$C$179,2,FALSE) -> ASC | D9: Total | E9: End-use steel consumption [kt] | F9: EUSC | G9: kt | H9: 0.061162843 | I9: 0.063923748 | J9: 0.069725365 | K9: 0.075456068 | L9: 0.084203198 | M9: 0.09018005 | N9: 0.099357279 | O9: 0.096941551 | P9: 0.10917817 | Q9: 0.12411192 | R9: 0.13084524 | S9: 0.14075101 | T9: 0.19909899 | U9: 0.17656281 | V9: 0.13770349 | W9: 0.095685799 | X9: 0.65184017 | Y9: 0.52099237 | Z9: 0.45496666 | AA9: 0.26676306 | AB9: 0.18764132 | AC9: 0.1885962 | AD9: 0.27281548 | AE9: 0.40898966 | AF9: 0.52761583 | AG9: 0.73837447 | AH9: 0.5942982 | AI9: 0.6440068 | AJ9: 0.66831332 | AK9: 0.63195852 | AL9: 0.72899451 | AM9: 0.88851048 | AN9: 1.0550016 | AO9: 0.99252918 | AP9: 1.0059439 | AQ9: 0.99307825 | AR9: 0.85427544 | AS9: 0.82587805 | AT9: 0.88300238 | AU9: 0.69382455 | AV9: 0.73641824 | AW9: 0.50741402 | AX9: 2.3175249 | AY9: 0.62647729 | AZ9: 0.75100669 | BA9: 2.6939708 | BB9: 2.6187235 | BC9: 0.56579167 | BD9: 31.72739 | BE9: 11.287821 | BF9: 21.960129 | BG9: 44.825914 | BH9: 73.730763 | BI9: 59.614347 | BJ9: 81.614592 | BK9: 135.6323 | BL9: 158.51012 | BM9: 197.31902 | BN9: 154.38698 | BO9: 188.28704 | BP9: 152.34797 | BQ9: 147.77189 | BR9: 159.50339 | BS9: 187.23304 | BT9: 204.00684 | BU9: 185.00404 | BV9: 193.99093 | BW9: 212.25649 | BX9: 234.2557 | BY9: 256.58843 | BZ9: 269.33413 | CA9: 291.31936 | CB9: 399.49854 | CC9: 495.13084 | CD9: 394.61586 | CE9: 426.71943 | CF9: 462.61479 | CG9: 502.44472 | CH9: 542.33049 | CI9: 583.43667 | CJ9: 627.38165 | CK9: 671.73877 | CL9: 719.68876 | CM9: 766.57661 | CN9: 815.834 | CO9: 862.50966 | CP9: 910.53489 | CQ9: 955.00807 | CR9: 997.01389 | CS9: 1029.0194 | CT9: 1061.9109 | CU9: 1089.6951 | CV9: 1107.8219 | CW9: 1122.1888 | CX9: 1130.8525 | CY9: 1127.0962 | CZ9: 1115.383 | DA9: 1096.6317 | DB9: 1072.1683 | DC9: 1042.3107 | DD9: 1008.8978 | DE9: 967.52998 | DF9: 924.33266 | DG9: 893.03983 | DH9: 838.95106 | DI9: 801.18977 | DJ9: 755.56199 | DK9: 709.52319 | DL9: 675.26104 | DM9: 632.41568 | DN9: 598.20387 | DO9: 564.84676 | DP9: 539.4107 | DQ9: 507.04102 | DR9: 484.96133 | DS9: 482.77009 | DT9: 481.2521 | DU9: 479.63228 | DV9: 477.62614 | DW9: 476.73725 | DX9: 475.52615 | DY9: 474.2323 | DZ9: 472.51856 | EA9: 470.96892 | EB9: 470.42089 | EC9: 469.7162 | ED9: 470.04839 | EE9: 468.26789 | EF9: 466.4777 | EG9: 465.48376 | EH9: 463.53785 | EI9: 461.36646 | EJ9: 459.21238 | EK9: 457.87659 | EL9: 454.9264 | EM9: 451.93006 | EN9: 448.01654 | EO9: 459.61106 | EP9: 469.62812 | EQ9: 478.69265 | ER9: 486.41063 | ES9: 494.35996 | ET9: 503.75033 | EU9: 510.0476 | EV9: 517.40267 | EW9: 526.95434 | EX9: 534.18311 | EY9: 539.90821 | EZ9: 546.21187 | FA9: 553.09542
A10: Australia | B10: AUS | C10: =VLOOKUP(B10,CountryCodes!$B$4:$C$179,2,FALSE) -> ANZ | D10: Total | E10: End-use steel consumption [kt] | F10: EUSC | G10: kt | H10: 898.01085 | I10: 1035.0581 | J10: 1368.4865 | K10: 1454.5396 | L10: 1420.9192 | M10: 1523.5779 | N10: 2032.1617 | O10: 2138.8795 | P10: 2326.0022 | Q10: 2592.8585 | R10: 2636.1826 | S10: 2910.4182 | T10: 2821.7765 | U10: 3801.28 | V10: 4374.0944 | W10: 4001.8711 | X10: 4698.403 | Y10: 5106.552 | Z10: 5245.6894 | AA10: 5529.4827 | AB10: 5817.6316 | AC10: 4932.2541 | AD10: 6123.3665 | AE10: 6545.3707 | AF10: 5519.7468 | AG10: 5332.6834 | AH10: 4872.7432 | AI10: 5033.9709 | AJ10: 5985.3507 | AK10: 5795.19 | AL10: 6195.8094 | AM10: 5455.0175 | AN10: 4440.2392 | AO10: 5742.5929 | AP10: 5634.8259 | AQ10: 5593.6254 | AR10: 5008.7895 | AS10: 5855.9777 | AT10: 6432.0987 | AU10: 4964.9326 | AV10: 4300.5769 | AW10: 4332.0856 | AX10: 5541.3309 | AY10: 5919.5193 | AZ10: 5689.8982 | BA10: 5747.1134 | BB10: 6480.8527 | BC10: 6019.244 | BD10: 5582.8522 | BE10: 4034.9472 | BF10: 4276.3082 | BG10: 5433.9835 | BH10: 6431.9203 | BI10: 7767.0255 | BJ10: 8978.5728 | BK10: 8835.8971 | BL10: 9345.6411 | BM10: 9727.5178 | BN10: 6935.0201 | BO10: 9597.7787 | BP10: 9174.3412 | BQ10: 9806.976 | BR10: 8901.5682 | BS10: 8864.3278 | BT10: 9150.3786 | BU10: 8812.3029 | BV10: 10439 | BW10: 10456 | BX10: 10500 | BY10: 5100 | BZ10: 6156 | CA10: 6140 | CB10: 6439 | CC10: 11856.326 | CD10: 11821.244 | CE10: 11532.597 | CF10: 11065.73 | CG10: 10664.897 | CH10: 10305.476 | CI10: 10011.991 | CJ10: 9942.5613 | CK10: 9846.9107 | CL10: 9678.1939 | CM10: 9526.0782 | CN10: 9404.2645 | CO10: 9400.0006 | CP10: 9460.0434 | CQ10: 9504.6943 | CR10: 9742.366 | CS10: 9810.5363 | CT10: 9977.5485 | CU10: 10104.769 | CV10: 10210.686 | CW10: 10248.559 | CX10: 10341.304 | CY10: 10502.578 | CZ10: 10702.25 | DA10: 10652.914 | DB10: 10925.741 | DC10: 10875.215 | DD10: 10986.285 | DE10: 11072.737 | DF10: 11115.734 | DG10: 11223.195 | DH10: 11355.635 | DI10: 11447.471 | DJ10: 11442.741 | DK10: 11519.134 | DL10: 11690.137 | DM10: 11627.258 | DN10: 11720.585 | DO10: 11882.361 | DP10: 12004.033 | DQ10: 12152.89 | DR10: 12123.079 | DS10: 12321.71 | DT10: 12547.652 | DU10: 12673.29 | DV10: 12794.296 | DW10: 12870.908 | DX10: 12894.628 | DY10: 12891.153 | DZ10: 12989.721 | EA10: 13110.146 | EB10: 13242.683 | EC10: 13307.252 | ED10: 13373.279 | EE10: 13537.217 | EF10: 13605.303 | EG10: 13681.292 | EH10: 13764.236 | EI10: 13982.576 | EJ10: 13976.44 | EK10: 14157.428 | EL10: 14082.603 | EM10: 14187.293 | EN10: 14357.905 | EO10: 14530.29 | EP10: 14770.03 | EQ10: 14743.653 | ER10: 14919.209 | ES10: 15007.82 | ET10: 15025.485 | EU10: 15065.913 | EV10: 14970.45 | EW10: 15128.841 | EX10: 15312.092 | EY10: 15451.349 | EZ10: 15341.561 | FA10: 15333.875
A11: Austria | B11: AUT | C11: =VLOOKUP(B11,CountryCodes!$B$4:$C$179,2,FALSE) -> EUW | D11: Total | E11: End-use steel consumption [kt] | F11: EUSC | G11: kt | H11: 230.06262 | I11: 302.47549 | J11: 409.17715 | K11: 665.55808 | L11: 768.79409 | M11: 968.05395 | N11: 1290.0256 | O11: 1176.3131 | P11: 1237.2406 | Q11: 1744.6785 | R11: 1659.8734 | S11: 1504.3572 | T11: 1144.0422 | U11: 1355.9595 | V11: 1475.2967 | W11: 1482.2691 | X11: 1349.3408 | Y11: 1685.3261 | Z11: 1850.7941 | AA11: 2217.8595 | AB11: 2096.4791 | AC11: 2241.3522 | AD11: 2561.9486 | AE11: 2670.4535 | AF11: 1751.7226 | AG11: 2296.2571 | AH11: 2212.2175 | AI11: 2280.1307 | AJ11: 2419.7613 | AK11: 2355.8724 | AL11: 2049.5787 | AM11: 1701.2891 | AN11: 1732.0654 | AO11: 1725.384 | AP11: 1593.9916 | AQ11: 1871.2852 | AR11: 1683.7593 | AS11: 1922.1025 | AT11: 2212.148 | AU11: 1975.9557 | AV11: 2269.0223 | AW11: 2074.5636 | AX11: 1918.7653 | AY11: 2670.4318 | AZ11: 2443.2883 | BA11: 1343.7373 | BB11: 2726.8571 | BC11: 2083.7122 | BD11: 2356.2368 | BE11: 2758.8946 | BF11: 2617.9057 | BG11: 2529.992 | BH11: 2420.9627 | BI11: 887.48346 | BJ11: 2707.5836 | BK11: 2902.896 | BL11: 3236.5276 | BM11: 2868.6182 | BN11: 1972.2521 | BO11: 2159.3067 | BP11: 2602.6077 | BQ11: 2812.1605 | BR11: 2765.1573 | BS11: 2829.2193 | BT11: 2771.1718 | BU11: 2755.1682 | BV11: 4329 | BW11: 4491 | BX11: 4370 | BY11: 3649 | BZ11: 4497 | CA11: 4103 | CB11: 3089 | CC11: 1541.9246 | CD11: 1687.5147 | CE11: 1793.6628 | CF11: 1886.5526 | CG11: 1967.3053 | CH11: 2034.7759 | CI11: 2059.6094 | CJ11: 2116.8405 | CK11: 2210.0068 | CL11: 2279.8539 | CM11: 2351.4921 | CN11: 2333.652 | CO11: 2336.3038 | CP11: 2316.4952 | CQ11: 2260.0029 | CR11: 2310.1147 | CS11: 2290.4947 | CT11: 2306.757 | CU11: 2330.7285 | CV11: 2325.5818 | CW11: 2336.3332 | CX11: 2310.3335 | CY11: 2322.4054 | CZ11: 2304.8094 | DA11: 2285.6956 | DB11: 2263.5864 | DC11: 2232.3395 | DD11: 2229.5837 | DE11: 2235.1208 | DF11: 2217.1053 | DG11: 2196.8111 | DH11: 2212.3201 | DI11: 2230.282 | DJ11: 2245.5631 | DK11: 2224.5948 | DL11: 2244.7619 | DM11: 2249.4508 | DN11: 2261.5989 | DO11: 2269.0973 | DP11: 2256.387 | DQ11: 2258.7764 | DR11: 2286.9437 | DS11: 2264.3485 | DT11: 2274.5212 | DU11: 2300.6221 | DV11: 2319.4946 | DW11: 2327.3595 | DX11: 2362.6692 | DY11: 2381.3769 | DZ11: 2373.9188 | EA11: 2399.7491 | EB11: 2391.2547 | EC11: 2413.0128 | ED11: 2403.2252 | EE11: 2364.0109 | EF11: 2368.5029 | EG11: 2374.9607 | EH11: 2382.8218 | EI11: 2360.4778 | EJ11: 2341.8566 | EK11: 2329.9792 | EL11: 2308.7514 | EM11: 2314.372 | EN11: 2322.7114 | EO11: 2326.0559 | EP11: 2297.812 | EQ11: 2288.9288 | ER11: 2304.4287 | ES11: 2301.5775 | ET11: 2313.6594 | EU11: 2303.2011 | EV11: 2307.8593 | EW11: 2280.4932 | EX11: 2275.314 | EY11: 2256.3274 | EZ11: 2264.9305 | FA11: 2254.5768
A12: Azerbaijan | B12: AZE | C12: =VLOOKUP(B12,CountryCodes!$B$4:$C$179,2,FALSE) -> ASC | D12: Total | E12: End-use steel consumption [kt] | F12: EUSC | G12: kt | H12: 1.4207462 | I12: 1.4885087 | J12: 1.6199344 | K12: 1.7532268 | L12: 1.9528003 | M12: 2.0960236 | N12: 2.3063007 | O12: 2.2673733 | P12: 2.5335099 | Q12: 2.8744418 | R12: 3.0430687 | S12: 3.2717677 | T12: 3.5535624 | U12: 2.203261 | V12: 1.9190274 | W12: 1.4221805 | X12: 23.387525 | Y12: 19.05381 | Z12: 13.487193 | AA12: 5.9157858 | AB12: 5.0147311 | AC12: 6.1338067 | AD12: 8.8010771 | AE12: 13.144091 | AF12: 13.362429 | AG12: 17.776316 | AH12: 14.035575 | AI12: 16.459548 | AJ12: 19.034368 | AK12: 18.530155 | AL12: 19.145184 | AM12: 20.993796 | AN12: 24.165387 | AO12: 26.622456 | AP12: 29.654576 | AQ12: 28.193467 | AR12: 28.656932 | AS12: 25.64204 | AT12: 24.03782 | AU12: 17.49365 | AV12: 15.308761 | AW12: 13.698326 | AX12: 27.094281 | AY12: 14.717407 | AZ12: 48.165155 | BA12: 178.92331 | BB12: 174.14871 | BC12: 269.62256 | BD12: 188.25513 | BE12: 172.11639 | BF12: 224.75069 | BG12: 337.95939 | BH12: 609.39367 | BI12: 669.01826 | BJ12: 720.82957 | BK12: 874.2164 | BL12: 897.89942 | BM12: 1088.1312 | BN12: 916.84257 | BO12: 953.51095 | BP12: 1198.426 | BQ12: 1278.6362 | BR12: 1382.6445 | BS12: 1327.9073 | BT12: 1333.8696 | BU12: 821.00395 | BV12: 580 | BW12: 763 | BX12: 867 | BY12: 752 | BZ12: 606 | CA12: 600 | CB12: 1011 | CC12: 2195.4448 | CD12: 2595.2122 | CE12: 2755.2046 | CF12: 2918.1337 | CG12: 3083.9182 | CH12: 3258.9241 | CI12: 3438.0584 | CJ12: 3615.463 | CK12: 3791.5348 | CL12: 3962.4013 | CM12: 4126.0757 | CN12: 4290.0788 | CO12: 4452.5606 | CP12: 4604.1325 | CQ12: 4745.06 | CR12: 4859.0115 | CS12: 4958.8412 | CT12: 5019.8879 | CU12: 5058.9499 | CV12: 5073.4878 | CW12: 5068.6906 | CX12: 5035.0572 | CY12: 5000.2718 | CZ12: 4925.2921 | DA12: 4856.0525 | DB12: 4758.7615 | DC12: 4636.3707 | DD12: 4535.2184 | DE12: 4411.6792 | DF12: 4289.6688 | DG12: 4151.9014 | DH12: 4027.1421 | DI12: 3886.375 | DJ12: 3753.5346 | DK12: 3624.942 | DL12: 3526.8196 | DM12: 3412.9568 | DN12: 3310.2948 | DO12: 3223.2853 | DP12: 3162.8671 | DQ12: 3089.7283 | DR12: 3024.3801 | DS12: 2955.3845 | DT12: 2910.4628 | DU12: 2850.8555 | DV12: 2808.7716 | DW12: 2772.0067 | DX12: 2719.5462 | DY12: 2690.5749 | DZ12: 2666.2501 | EA12: 2640.3659 | EB12: 2637.5073 | EC12: 2614.4664 | ED12: 2623.5329 | EE12: 2617.9387 | EF12: 2632.5467 | EG12: 2630.5088 | EH12: 2642.2541 | EI12: 2663.5875 | EJ12: 2690.3516 | EK12: 2726.7607 | EL12: 2749.3827 | EM12: 2777.0197 | EN12: 2815.7679 | EO12: 2842.8448 | EP12: 2882.6086 | EQ12: 2913.921 | ER12: 2942.6091 | ES12: 2982.4055 | ET12: 3013.4408 | EU12: 3041.567 | EV12: 3070.1179 | EW12: 3094.7557 | EX12: 3131.7203 | EY12: 3152.8028 | EZ12: 3173.3552 | FA12: 3198.426
A13: Burundi | B13: BDI | C13: =VLOOKUP(B13,CountryCodes!$B$4:$C$179,2,FALSE) -> AFE | D13: Total | E13: End-use steel consumption [kt] | F13: EUSC | G13: kt | H13: 0.91973203 | I13: 0.96110897 | J13: 1.0572024 | K13: 1.1505413 | L13: 1.2966299 | M13: 1.3892861 | N13: 1.5394232 | O13: 1.4776566 | P13: 1.6884789 | Q13: 1.9421948 | R13: 2.0377127 | S13: 2.1468664 | T13: 3.8974846 | U13: 3.48227 | V13: 6.7972694 | W13: 2.5446893 | X13: 3.3698517 | Y13: 5.0765859 | Z13: 3.3489509 | AA13: 4.3604032 | AB13: 4.0102129 | AC13: 4.6181685 | AD13: 3.9633784 | AE13: 5.8320908 | AF13: 3.7487063 | AG13: 6.1088109 | AH13: 8.5776489 | AI13: 10.217333 | AJ13: 10.824604 | AK13: 9.8732158 | AL13: 13.166039 | AM13: 20.109481 | AN13: 13.574315 | AO13: 21.550054 | AP13: 14.502133 | AQ13: 16.793082 | AR13: 18.208819 | AS13: 12.988069 | AT13: 12.039814 | AU13: 19.680909 | AV13: 13.403788 | AW13: 15.134595 | AX13: 17.119653 | AY13: 13.975561 | AZ13: 16.077488 | BA13: 7.6269628 | BB13: 7.8343761 | BC13: 13.167712 | BD13: 12.227963 | BE13: 15.955882 | BF13: 12.159272 | BG13: 13.834518 | BH13: 14.427015 | BI13: 18.698614 | BJ13: 25.775272 | BK13: 23.081197 | BL13: 31.79493 | BM13: 27.377278 | BN13: 43.089956 | BO13: 48.628751 | BP13: 49.076909 | BQ13: 46.096485 | BR13: 40.710394 | BS13: 36.789779 | BT13: 32.539571 | BU13: 44.704376 | BV13: 47.547551 | BW13: 52.592521 | BX13: 65.296542 | BY13: 64.785255 | BZ13: 66.471032 | CA13: 69.584445 | CB13: 75.21255 | CC13: 79.803772 | CD13: 81.751204 | CE13: 85.21575 | CF13: 89.510019 | CG13: 95.563469 | CH13: 102.70933 | CI13: 106.89225 | CJ13: 112.81712 | CK13: 120.39685 | CL13: 127.24048 | CM13: 134.59504 | CN13: 141.97229 | CO13: 150.53486 | CP13: 161.59904 | CQ13: 171.67065 | CR13: 181.20042 | CS13: 192.15961 | CT13: 202.68624 | CU13: 213.10422 | CV13: 229.62844 | CW13: 240.99556 | CX13: 256.39379 | CY13: 270.0639 | CZ13: 279.52849 | DA13: 302.12016 | DB13: 316.88145 | DC13: 341.45714 | DD13: 354.35838 | DE13: 378.10575 | DF13: 403.18971 | DG13: 428.55996 | DH13: 456.47015 | DI13: 480.67815 | DJ13: 513.90814 | DK13: 542.21162 | DL13: 577.60718 | DM13: 618.50795 | DN13: 658.39593 | DO13: 703.65362 | DP13: 751.00218 | DQ13: 798.07982 | DR13: 856.41456 | DS13: 929.10965 | DT13: 984.94591 | DU13: 1059.0761 | DV13: 1126.6275 | DW13: 1206.6569 | DX13: 1298.2483 | DY13: 1369.967 | DZ13: 1480.7019 | EA13: 1590.0563 | EB13: 1697.1863 | EC13: 1832.1468 | ED13: 1943.9334 | EE13: 2110.8639 | EF13: 2248.7484 | EG13: 2409.8818 | EH13: 2559.6655 | EI13: 2779.8827 | EJ13: 2967.612 | EK13: 3150.9674 | EL13: 3391.6211 | EM13: 3655.76 | EN13: 3878.4251 | EO13: 4126.1327 | EP13: 4443.2228 | EQ13: 4746.2077 | ER13: 5003.9904 | ES13: 5317.8783 | ET13: 5652.5439 | EU13: 5990.1613 | EV13: 6373.4827 | EW13: 6648.2958 | EX13: 6988.0247 | EY13: 7340.3193 | EZ13: 7697.0262 | FA13: 7972.5022
A14: Belgium | B14: BEL | C14: =VLOOKUP(B14,CountryCodes!$B$4:$C$179,2,FALSE) -> EUW | D14: Total | E14: End-use steel consumption [kt] | F14: EUSC | G14: kt | H14: 3004.4751 | I14: 2781.8564 | J14: 1902.7175 | K14: 2256.358 | L14: 2941.5536 | M14: 3252.7429 | N14: 2892.8435 | O14: 2721.0115 | P14: 2727.2572 | Q14: 3200.4783 | R14: 2842.1686 | S14: 1296.0136 | T14: 2973.6327 | U14: 3596.2857 | V14: 3373.5401 | W14: 3484.4651 | X14: 3891.1191 | Y14: 4277.7619 | Z14: 5312.3204 | AA14: 5222.1112 | AB14: 5224.7071 | AC14: 5483.4895 | AD14: 6114.3637 | AE14: 6490.3925 | AF14: 4019.9048 | AG14: 4985.4059 | AH14: 4315.945 | AI14: 4574.9856 | AJ14: 4833.8384 | AK14: 4129.3488 | AL14: 3592.1206 | AM14: 3123.6213 | AN14: 3119.6771 | AO14: 3599.3802 | AP14: 2908.8809 | AQ14: 2797.7466 | AR14: 1346.6049 | AS14: 3087.4613 | AT14: 2871.8489 | AU14: 2944.7449 | AV14: 2859.8319 | AW14: 2517.6453 | AX14: 2541.6103 | AY14: 3055.0966 | AZ14: 3185.4085 | BA14: 2484.56 | BB14: 3101.3847 | BC14: 3663.392 | BD14: 2804.1711 | BE14: 3402.3242 | BF14: 2160.2851 | BG14: 1848.4484 | BH14: 2708.8077 | BI14: 3673.4656 | BJ14: 3395.2047 | BK14: 3900.6502 | BL14: 4438.7652 | BM14: 3223.4595 | BN14: 489.05495 | BO14: 1289.8932 | BP14: 2189.9297 | BQ14: 2116.7128 | BR14: 511.3597 | BS14: 1246.3607 | BT14: 1782.0112 | BU14: 3392.7384 | BV14: 2504.7425 | BW14: 2676.6287 | BX14: 2926.5555 | BY14: 3144.1041 | BZ14: 2448.3372 | CA14: 2396.0537 | CB14: 4072.827 | CC14: 2476.8886 | CD14: 2347.8989 | CE14: 2294.8304 | CF14: 2293.7325 | CG14: 2342.66 | CH14: 2403.4523 | CI14: 2460.62 | CJ14: 2488.1584 | CK14: 2527.7783 | CL14: 2575.1684 | CM14: 2629.0814 | CN14: 2641.0356 | CO14: 2664.0853 | CP14: 2689.1762 | CQ14: 2728.2489 | CR14: 2737.6373 | CS14: 2741.8189 | CT14: 2759.0341 | CU14: 2799.893 | CV14: 2802.1673 | CW14: 2816.0075 | CX14: 2832.7509 | CY14: 2809.2943 | CZ14: 2798.887 | DA14: 2776.7813 | DB14: 2744.4194 | DC14: 2712.9165 | DD14: 2688.202 | DE14: 2641.4988 | DF14: 2592.592 | DG14: 2563.5605 | DH14: 2568.04 | DI14: 2555.7652 | DJ14: 2530.4378 | DK14: 2506.0365 | DL14: 2567.8474 | DM14: 2539.7391 | DN14: 2539.3847 | DO14: 2487.9213 | DP14: 2508.6176 | DQ14: 2502.4897 | DR14: 2508.0374 | DS14: 2517.3288 | DT14: 2527.6629 | DU14: 2539.9792 | DV14: 2525.6109 | DW14: 2537.4075 | DX14: 2531.2889 | DY14: 2571.5848 | DZ14: 2566.7807 | EA14: 2556.334 | EB14: 2550.1202 | EC14: 2561.4674 | ED14: 2559.2382 | EE14: 2521.6835 | EF14: 2480.6957 | EG14: 2495.5393 | EH14: 2464.5794 | EI14: 2490.6854 | EJ14: 2435.1086 | EK14: 2446.0655 | EL14: 2423.9152 | EM14: 2420.2421 | EN14: 2396.2539 | EO14: 2364.1215 | EP14: 2357.703 | EQ14: 2364.9061 | ER14: 2356.5041 | ES14: 2348.4955 | ET14: 2306.7055 | EU14: 2310.9008 | EV14: 2285.2573 | EW14: 2289.6367 | EX14: 2291.9789 | EY14: 2271.9254 | EZ14: 2228.2815 | FA14: 2219.0377
A15: Benin | B15: BEN | C15: =VLOOKUP(B15,CountryCodes!$B$4:$C$179,2,FALSE) -> AFW | D15: Total | E15: End-use steel consumption [kt] | F15: EUSC | G15: kt | H15: 3.2954465 | I15: 3.4502188 | J15: 3.7863688 | K15: 4.1173816 | L15: 4.6288257 | M15: 4.9645459 | N15: 5.4938093 | O15: 5.3046351 | P15: 6.0255209 | Q15: 6.9219327 | R15: 7.2850272 | S15: 7.4296008 | T15: 14.614897 | U15: 14.753001 | V15: 11.111127 | W15: 7.5526442 | X15: 10.815732 | Y15: 10.724624 | Z15: 16.470943 | AA15: 15.752198 | AB15: 15.888823 | AC15: 21.72448 | AD15: 15.182649 | AE15: 22.752981 | AF15: 18.004166 | AG15: 21.831077 | AH15: 21.865495 | AI15: 19.098253 | AJ15: 35.008451 | AK15: 29.541943 | AL15: 39.027583 | AM15: 40.016801 | AN15: 15.990503 | AO15: 17.13714 | AP15: 17.373811 | AQ15: 18.540068 | AR15: 16.686849 | AS15: 14.243717 | AT15: 25.915344 | AU15: 13.804174 | AV15: 25.040289 | AW15: 45.48511 | AX15: 50.212315 | AY15: 48.012697 | AZ15: 61.222061 | BA15: 69.298988 | BB15: 81.668256 | BC15: 67.275111 | BD15: 86.652688 | BE15: 74.428835 | BF15: 97.690476 | BG15: 117.36514 | BH15: 131.5976 | BI15: 78.841257 | BJ15: 111.09758 | BK15: 129.0708 | BL15: 216.67103 | BM15: 175.24219 | BN15: 225.87368 | BO15: 220.40423 | BP15: 255.79515 | BQ15: 235.478 | BR15: 223.07166 | BS15: 249.40501 | BT15: 251.13206 | BU15: 229.64024 | BV15: 106 | BW15: 102 | BX15: 190 | BY15: 175 | BZ15: 231 | CA15: 230 | CB15: 610 | CC15: 407.78192 | CD15: 427.53896 | CE15: 452.85158 | CF15: 479.92265 | CG15: 508.51822 | CH15: 539.99944 | CI15: 572.3124 | CJ15: 601.4735 | CK15: 635.69381 | CL15: 672.29458 | CM15: 714.45236 | CN15: 761.42521 | CO15: 812.06066 | CP15: 863.28101 | CQ15: 916.17274 | CR15: 976.12201 | CS15: 1033.9368 | CT15: 1097.1384 | CU15: 1164.3372 | CV15: 1237.7571 | CW15: 1312.3007 | CX15: 1390.3676 | CY15: 1481.3532 | CZ15: 1568.1457 | DA15: 1659.922 | DB15: 1760.8334 | DC15: 1866.4894 | DD15: 1977.7433 | DE15: 2095.1484 | DF15: 2218.6437 | DG15: 2341.7092 | DH15: 2483.0403 | DI15: 2624.7461 | DJ15: 2763.4145 | DK15: 2925.797 | DL15: 3085.4358 | DM15: 3261.3264 | DN15: 3438.8581 | DO15: 3622.9233 | DP15: 3820.871 | DQ15: 4021.391 | DR15: 4236.6268 | DS15: 4448.4509 | DT15: 4657.356 | DU15: 4880.4286 | DV15: 5109.7718 | DW15: 5357.8157 | DX15: 5594.7674 | DY15: 5821.5183 | DZ15: 6073.0409 | EA15: 6297.4139 | EB15: 6533.1861 | EC15: 6740.538 | ED15: 6982.9564 | EE15: 7213.9262 | EF15: 7434.0328 | EG15: 7644.6952 | EH15: 7847.3455 | EI15: 8044.5757 | EJ15: 8258.0688 | EK15: 8410.18 | EL15: 8548.4106 | EM15: 8712.4929 | EN15: 8826.1301 | EO15: 8962.6914 | EP15: 9059.4761 | EQ15: 9141.2566 | ER15: 9178.3848 | ES15: 9235.6949 | ET15: 9289.2474 | EU15: 9298.9481 | EV15: 9349.6053 | EW15: 9318.6974 | EX15: 9300.3403 | EY15: 9220.5584 | EZ15: 9218.4011 | FA15: 9171.0442
... A179: Zimbabwe | B179: ZWE | C179: =VLOOKUP(B179,CountryCodes!$B$4:$C$179,2,FALSE) -> AFZ | D179: Total | E179: End-use steel consumption [kt] | F179: EUSC | G179: kt | H179: 46.369207 | I179: 53.815409 | J179: 53.501316 | K179: 51.308891 | L179: 77.845836 | M179: 82.052885 | N179: 103.46675 | O179: 105.3611 | P179: 98.498305 | Q179: 119.69639 | R179: 237.05541 | S179: 256.66969 | T179: 252.91413 | U179: 307.62723 | V179: 248.39326 | W179: 205.60552 | X179: 152.77852 | Y179: 166.98879 | Z179: 217.41521 | AA179: 226.58596 | AB179: 279.60735 | AC179: 356.03928 | AD179: 376.70885 | AE179: 371.85565 | AF179: 387.13289 | AG179: 560.16519 | AH179: 563.7962 | AI179: 636.65247 | AJ179: 600.69421 | AK179: 630.9717 | AL179: 523.20767 | AM179: 379.21809 | AN179: 416.50646 | AO179: 161.5376 | AP179: 355.331 | AQ179: 337.26323 | AR179: 393.90318 | AS179: 289.54182 | AT179: 335.92707 | AU179: 259.34055 | AV179: 216.17941 | AW179: 213.35029 | AX179: 28.203958 | AY179: 231.24067 | AZ179: 323.19291 | BA179: 385.28267 | BB179: 389.61571 | BC179: 494.73288 | BD179: 356.86395 | BE179: 221.81367 | BF179: 127.75622 | BG179: 182.95183 | BH179: 126.6887 | BI179: 30.537429 | BJ179: 54.041426 | BK179: 70.188295 | BL179: 92.516457 | BM179: 117.80027 | BN179: 203.97938 | BO179: 545.5802 | BP179: 570.38443 | BQ179: 614.73967 | BR179: 634.228 | BS179: 592.50971 | BT179: 625.8706 | BU179: 345.33896 | BV179: 129 | BW179: 153 | BX179: 135 | BY179: 146 | BZ179: 154 | CA179: 175 | CB179: 651 | CC179: 661.31032 | CD179: 720.48219 | CE179: 751.14119 | CF179: 775.85099 | CG179: 801.55755 | CH179: 827.371 | CI179: 855.38155 | CJ179: 875.25493 | CK179: 900.60333 | CL179: 933.44474 | CM179: 965.24865 | CN179: 985.37756 | CO179: 1030.5047 | CP179: 1052.5573 | CQ179: 1087.8548 | CR179: 1123.4758 | CS179: 1152.6477 | CT179: 1189.9257 | CU179: 1240.2211 | CV179: 1246.8414 | CW179: 1302.1021 | CX179: 1316.3227 | CY179: 1356.4869 | CZ179: 1389.9959 | DA179: 1420.2981 | DB179: 1468.8838 | DC179: 1502.0341 | DD179: 1551.8478 | DE179: 1602.756 | DF179: 1628.8649 | DG179: 1677.2672 | DH179: 1693.8027 | DI179: 1748.1769 | DJ179: 1769.8042 | DK179: 1831.9014 | DL179: 1863.3227 | DM179: 1904.6631 | DN179: 1953.8496 | DO179: 2021.2747 | DP179: 2075.8864 | DQ179: 2127.6172 | DR179: 2156.0585 | DS179: 2237.199 | DT179: 2273.7063 | DU179: 2345.4426 | DV179: 2390.7157 | DW179: 2454.5457 | DX179: 2501.1385 | DY179: 2560.3071 | DZ179: 2658.949 | EA179: 2717.6796 | EB179: 2754.8211 | EC179: 2810.4606 | ED179: 2886.887 | EE179: 2940.0957 | EF179: 2986.3091 | EG179: 3055.6362 | EH179: 3120.3997 | EI179: 3176.0074 | EJ179: 3207.3322 | EK179: 3282.4682 | EL179: 3339.0235 | EM179: 3386.8171 | EN179: 3458.8861 | EO179: 3517.3974 | EP179: 3514.0859 | EQ179: 3603.0986 | ER179: 3665.0926 | ES179: 3665.3675 | ET179: 3736.33 | EU179: 3728.3412 | EV179: 3854.142 | EW179: 3884.4265 | EX179: 3874.7409 | EY179: 3930.1899 | EZ179: 3949.5271 | FA179: 3945.2465
A180: Global | B180: Global | D180: Total | E180: End-use steel consumption [kt] | F180: EUSC | G180: kt | H180: 132648.39 | I180: 129370.59 | J180: 147540.13 | K180: 134183.44 | L180: 170888.31 | M180: 178697.54 | N180: 185662.24 | O180: 170966.52 | P180: 201332.89 | Q180: 235027.47 | R180: 231254.4 | S180: 231940.54 | T180: 250912.26 | U180: 293914.44 | V180: 312760.9 | W180: 327969.71 | X180: 330947 | Y180: 367433.11 | Z180: 423369.3 | AA180: 449128.99 | AB180: 430425.57 | AC180: 465373.1 | AD180: 520807.48 | AE180: 516328.59 | AF180: 468329.02 | AG180: 495556.05 | AH180: 491001.71 | AI180: 524082.21 | AJ180: 548229.94 | AK180: 520573.81 | AL180: 510603.07 | AM180: 457426.81 | AN180: 473630.83 | AO180: 511063.6 | AP180: 534839.26 | AQ180: 527492.27 | AR180: 531173.7 | AS180: 562131.84 | AT180: 563204.01 | AU180: 555522.53 | AV180: 524630.31 | AW180: 518702.18 | AX180: 526142.55 | AY180: 543238.93 | AZ180: 554051.44 | BA180: 572862.63 | BB180: 594338.1 | BC180: 571261.77 | BD180: 579793 | BE180: 608462.41 | BF180: 610906.88 | BG180: 651162.21 | BH180: 705869.95 | BI180: 773285.24 | BJ180: 849090.68 | BK180: 932464.93 | BL180: 1009446.5 | BM180: 1003633.1 | BN180: 925958.21 | BO180: 1081810.1 | BP180: 1156163.3 | BQ180: 1173997.5 | BR180: 1241533 | BS180: 1258789.4 | BT180: 1207768.9 | BU180: 1247978.1 | BV180: 1604265.4 | BW180: 1674362.7 | BX180: 1725778.7 | BY180: 1800546.6 | BZ180: 1853805.7 | CA180: 1792375 | CB180: 1788695.8 | CC180: 1721500.8 | CD180: 1733865.4 | CE180: 1735492.1 | CF180: 1734921.7 | CG180: 1721957.9 | CH180: 1701936.2 | CI180: 1678593.3 | CJ180: 1658821.1 | CK180: 1643646 | CL180: 1635591.4 | CM180: 1630424.6 | CN180: 1629994.7 | CO180: 1632784.6 | CP180: 1642142.5 | CQ180: 1658970.5 | CR180: 1684664.4 | CS180: 1715791.4 | CT180: 1754821.5 | CU180: 1798288.3 | CV180: 1846308.3 | CW180: 1895158.6 | CX180: 1947514.4 | CY180: 2000539.1 | CZ180: 2054443.3 | DA180: 2108658.8 | DB180: 2161930.2 | DC180: 2213160.6 | DD180: 2264734 | DE180: 2312900.3 | DF180: 2358982.4 | DG180: 2402995.2 | DH180: 2442521.7 | DI180: 2479324.9 | DJ180: 2512021.8 | DK180: 2540478.8 | DL180: 2562168 | DM180: 2577373 | DN180: 2586548.7 | DO180: 2590691.3 | DP180: 2589822.8 | DQ180: 2584049.5 | DR180: 2571656.8 | DS180: 2557040.5 | DT180: 2540736.9 | DU180: 2521150.5 | DV180: 2499819.1 | DW180: 2478771.5 | DX180: 2457054.4 | DY180: 2437239.9 | DZ180: 2415969.6 | EA180: 2397075.3 | EB180: 2379355.4 | EC180: 2363473.8 | ED180: 2348946.4 | EE180: 2334192.8 | EF180: 2323512.4 | EG180: 2313511.8 | EH180: 2306032.1 | EI180: 2301648 | EJ180: 2296886.8 | EK180: 2300608.7 | EL180: 2304633.6 | EM180: 2309200.9 | EN180: 2314797.9 | EO180: 2320894 | EP180: 2328110.2 | EQ180: 2333577.8 | ER180: 2338992.1 | ES180: 2346293 | ET180: 2351518.2 | EU180: 2357025.7 | EV180: 2361078.6 | EW180: 2365346.3 | EX180: 2372944.4 | EY180: 2381332.2 | EZ180: 2388379.6 | FA180: 2395933.3
A181: Global | B181: Global | D181: Automotive | E181: End-use steel consumption [kt] | F181: EUSC | G181: kt | H181: 15560.469 | I181: 13991.607 | J181: 16771.403 | K181: 13384.553 | L181: 19759.405 | M181: 20990.228 | N181: 22055.516 | O181: 18416.043 | P181: 23109.367 | Q181: 29040.863 | R181: 29978.365 | S181: 30897.129 | T181: 34957.775 | U181: 43327.008 | V181: 46896.386 | W181: 49107.98 | X181: 50258.9 | Y181: 56028.794 | Z181: 63990.237 | AA181: 67187.731 | AB181: 63823.609 | AC181: 69659.455 | AD181: 78244.859 | AE181: 78043.866 | AF181: 69083.989 | AG181: 74537.08 | AH181: 73406.115 | AI181: 78228.307 | AJ181: 82138.264 | AK181: 76654.623 | AL181: 76623.68 | AM181: 66218.626 | AN181: 68810.313 | AO181: 74441.085 | AP181: 75615.412 | AQ181: 74487.977 | AR181: 76321.092 | AS181: 82375.137 | AT181: 81955.25 | AU181: 80602.312 | AV181: 73776.891 | AW181: 70753.341 | AX181: 68576.825 | AY181: 71055.796 | AZ181: 74223.641 | BA181: 75897.308 | BB181: 79421.352 | BC181: 76856.455 | BD181: 76805.126 | BE181: 82749.409 | BF181: 79461.736 | BG181: 82384.779 | BH181: 86971.643 | BI181: 96751.458 | BJ181: 104425.15 | BK181: 116482.95 | BL181: 125406.22 | BM181: 122252.14 | BN181: 98822.839 | BO181: 119606.15 | BP181: 127222.72 | BQ181: 129368.13 | BR181: 133314.1 | BS181: 138971.94 | BT181: 135644.78 | BU181: 142422.5 | BV181: 182277.46 | BW181: 192532.05 | BX181: 197055 | BY181: 193831.26 | BZ181: 218594.07 | CA181: 210891.95 | CB181: 202486.7 | CC181: 190782.7 | CD181: 193714.63 | CE181: 197630.45 | CF181: 202805.53 | CG181: 209434.01 | CH181: 217042.96 | CI181: 225237.68 | CJ181: 233470.5 | CK181: 240963.21 | CL181: 247213.07 | CM181: 251801.53 | CN181: 255043.65 | CO181: 257267.24 | CP181: 259349.89 | CQ181: 261791.27 | CR181: 265005.45 | CS181: 269175.62 | CT181: 274345.31 | CU181: 280304.66 | CV181: 286783.88 | CW181: 293263.49 | CX181: 299566.58 | CY181: 305270.81 | CZ181: 310243.31 | DA181: 314395.38 | DB181: 317893.85 | DC181: 320782.34 | DD181: 323566.59 | DE181: 326194.7 | DF181: 328965.87 | DG181: 331970.33 | DH181: 335096.5 | DI181: 338491.77 | DJ181: 342014.78 | DK181: 345579.37 | DL181: 348964.41 | DM181: 352093.22 | DN181: 354969.93 | DO181: 357637.09 | DP181: 360157.64 | DQ181: 362566.24 | DR181: 364805.9 | DS181: 367175.67 | DT181: 369769.52 | DU181: 372386.65 | DV181: 375151.06 | DW181: 378098.65 | DX181: 381086.03 | DY181: 384270.71 | DZ181: 387305.99 | EA181: 390423.67 | EB181: 393485.66 | EC181: 396581.73 | ED181: 399641.73 | EE181: 402583.15 | EF181: 405746.33 | EG181: 408889.39 | EH181: 412149.64 | EI181: 415593.87 | EJ181: 418938.18 | EK181: 422417.97 | EL181: 425940.89 | EM181: 429434.82 | EN181: 432937.58 | EO181: 436415.12 | EP181: 439847.07 | EQ181: 443011.89 | ER181: 446012.64 | ES181: 449068.16 | ET181: 451869.12 | EU181: 454444.09 | EV181: 456811 | EW181: 459089.2 | EX181: 461141.45 | EY181: 463068.69 | EZ181: 464712.47 | FA181: 466219.73
A182: Global | B182: Global | D182: Construction | E182: End-use steel consumption [kt] | F182: EUSC | G182: kt | H182: 87487.435 | I182: 86499.977 | J182: 96489.895 | K182: 89752.21 | L182: 109255.8 | M182: 113604.12 | N182: 117047.21 | O182: 109388.79 | P182: 125555.1 | Q182: 143465.49 | R182: 140104.97 | S182: 139256.67 | T182: 148954.26 | U182: 171221.88 | V182: 180874.52 | W182: 188370.77 | X182: 185950.59 | Y182: 206540.63 | Z182: 237617.02 | AA182: 251877.43 | AB182: 240441.05 | AC182: 257148.85 | AD182: 286550.03 | AE182: 282293.26 | AF182: 255447.22 | AG182: 266595.23 | AH182: 264972.15 | AI182: 282144.4 | AJ182: 295001.8 | AK182: 280042.81 | AL182: 271417.29 | AM182: 242772.55 | AN182: 249073.76 | AO182: 268568.53 | AP182: 282652.75 | AQ182: 276265.97 | AR182: 275666.02 | AS182: 291036.04 | AT182: 293480.59 | AU182: 290067.98 | AV182: 278064.53 | AW182: 273417.08 | AX182: 286815.61 | AY182: 299799.67 | AZ182: 303571.54 | BA182: 318217.8 | BB182: 331768.82 | BC182: 320383.89 | BD182: 326360.08 | BE182: 338046.95 | BF182: 343262.02 | BG182: 368764.32 | BH182: 401811.59 | BI182: 439545.62 | BJ182: 484302.6 | BK182: 531068.25 | BL182: 575398.74 | BM182: 577183.28 | BN182: 553159.58 | BO182: 631977.51 | BP182: 672097.65 | BQ182: 683842.89 | BR182: 730684.72 | BS182: 737610.26 | BT182: 705699.16 | BU182: 725775.6 | BV182: 930486.33 | BW182: 967495.79 | BX182: 997732.72 | BY182: 1060758 | BZ182: 1049008.6 | CA182: 1014627.8 | CB182: 1036320.7 | CC182: 996916.64 | CD182: 983074.24 | CE182: 963638.43 | CF182: 948524.65 | CG182: 920947.53 | CH182: 889365.76 | CI182: 854703.13 | CJ182: 820949.94 | CK182: 788888.94 | CL182: 762144.39 | CM182: 739218.9 | CN182: 722567.84 | CO182: 711206.51 | CP182: 706465.66 | CQ182: 708103.92 | CR182: 716542.21 | CS182: 728585.71 | CT182: 747100.64 | CU182: 769716.45 | CV182: 796913.74 | CW182: 825835.71 | CX182: 858582.9 | CY182: 892923.5 | CZ182: 928923.69 | DA182: 966525.06 | DB182: 1004453.3 | DC182: 1042240.3 | DD182: 1081127.6 | DE182: 1118145.4 | DF182: 1153724.1 | DG182: 1187603.1 | DH182: 1217871 | DI182: 1245662.7 | DJ182: 1269838.4 | DK182: 1290181.6 | DL182: 1304645.4 | DM182: 1313068.3 | DN182: 1315787.9 | DO182: 1313485.4 | DP182: 1305993.7 | DQ182: 1293381.1 | DR182: 1274462.9 | DS182: 1252650.6 | DT182: 1228332.4 | DU182: 1200730.1 | DV182: 1171016.6 | DW182: 1141163.4 | DX182: 1110591.4 | DY182: 1081423.8 | DZ182: 1051387 | EA182: 1023599.5 | EB182: 997205.6 | EC182: 972783.92 | ED182: 949908.56 | EE182: 927497.75 | EF182: 908692.96 | EG182: 890980.72 | EH182: 875629.51 | EI182: 863044.32 | EJ182: 850486.99 | EK182: 846131.6 | EL182: 841970.39 | EM182: 838166.15 | EN182: 835131.02 | EO182: 832443.32 | EP182: 830722.96 | EQ182: 827644.54 | ER182: 824665.9 | ES182: 823090.39 | ET182: 819964.73 | EU182: 817538.95 | EV182: 814129.66 | EW182: 811048.44 | EX182: 811832.52 | EY182: 813665.01 | EZ182: 814944.39 | FA182: 816994.68
A183: Global | B183: Global | D183: Machinery | E183: End-use steel consumption [kt] | F183: EUSC | G183: kt | H183: 17539.546 | I183: 17480.635 | J183: 20576.04 | K183: 18821.312 | L183: 24708.488 | M183: 26063.196 | N183: 27055.983 | O183: 24467.88 | P183: 29056.948 | Q183: 34409.441 | R183: 34059.244 | S183: 34101.119 | T183: 36868.177 | U183: 43989.193 | V183: 47363.201 | W183: 50648.806 | X183: 51913.83 | Y183: 59333.163 | Z183: 70016.575 | AA183: 75971.743 | AB183: 73841.369 | AC183: 80259.96 | AD183: 90373.246 | AE183: 90163.252 | AF183: 83059.893 | AG183: 87751.419 | AH183: 87302.618 | AI183: 92847.471 | AJ183: 97208.121 | AK183: 93343.655 | AL183: 92421.333 | AM183: 84913.633 | AN183: 88546.201 | AO183: 95564.11 | AP183: 100282.66 | AQ183: 100520.6 | AR183: 102869.44 | AS183: 109770.02 | AT183: 110939 | AU183: 110395.51 | AV183: 104960.24 | AW183: 102063.26 | AX183: 102223.75 | AY183: 102847.82 | AZ183: 104954.2 | BA183: 106188.34 | BB183: 109090.12 | BC183: 104388.76 | BD183: 104956.43 | BE183: 111412.51 | BF183: 111259.6 | BG183: 117518.96 | BH183: 127030.62 | BI183: 138450.82 | BJ183: 150957.74 | BK183: 164395.56 | BL183: 177633.16 | BM183: 176938.16 | BN183: 159235.47 | BO183: 184858.32 | BP183: 199312.77 | BQ183: 201604.46 | BR183: 211074.16 | BS183: 214544.49 | BT183: 206863.97 | BU183: 212875.51 | BV183: 260487.82 | BW183: 271319.3 | BX183: 276457.52 | BY183: 279879.1 | BZ183: 304138.08 | CA183: 292839.78 | CB183: 281605.61 | CC183: 267419.56 | CD183: 273679.7 | CE183: 278206.03 | CF183: 281065.23 | CG183: 284551.76 | CH183: 287707.06 | CI183: 291087.98 | CJ183: 295023.79 | CK183: 299678.39 | CL183: 305344.66 | CM183: 311656.05 | CN183: 318702.23 | CO183: 325870.94 | CP183: 333264.27 | CQ183: 340457.78 | CR183: 347270.59 | CS183: 353619.77 | CT183: 359564.95 | CU183: 365138.1 | CV183: 370487.7 | CW183: 375416.52 | CX183: 380200.51 | CY183: 384623.9 | CZ183: 388852.35 | DA183: 392793.73 | DB183: 396648.02 | DC183: 400099.15 | DD183: 403596.51 | DE183: 406654.85 | DF183: 409556.47 | DG183: 412313.59 | DH183: 414702.32 | DI183: 417061.69 | DJ183: 419342.53 | DK183: 421601.19 | DL183: 423668.42 | DM183: 425749.12 | DN183: 427763.68 | DO183: 429906.61 | DP183: 432159.43 | DQ183: 434524.61 | DR183: 436716.58 | DS183: 439130.2 | DT183: 441766.71 | DU183: 444298 | DV183: 446815.09 | DW183: 449392.67 | DX183: 451897.46 | DY183: 454566.59 | DZ183: 456958.98 | EA183: 459414.76 | EB183: 461849.34 | EC183: 464255.79 | ED183: 466623.07 | EE183: 468727.98 | EF183: 471099.06 | EG183: 473293.39 | EH183: 475606.36 | EI183: 478037.43 | EJ183: 480252.72 | EK183: 482550.15 | EL183: 484816.81 | EM183: 487122.69 | EN183: 489436.94 | EO183: 491679.6 | EP183: 493911.72 | EQ183: 495868.78 | ER183: 497609.87 | ES183: 499454.31 | ET183: 500991.75 | EU183: 502290.25 | EV183: 503296.05 | EW183: 504245.91 | EX183: 504969.44 | EY183: 505597.9 | EZ183: 505968.29 | FA183: 506325.04
A184: Global | B184: Global | D184: Other transportation equipment | E184: End-use steel consumption [kt] | F184: EUSC | G184: kt | H184: 7761.2024 | I184: 7881.2377 | J184: 9078.1904 | K184: 8728.4876 | L184: 10822.812 | M184: 11458.213 | N184: 11948.321 | O184: 11541.582 | P184: 13436 | Q184: 15534.194 | R184: 15420.194 | S184: 15656.166 | T184: 16551.371 | U184: 18782.315 | V184: 20028.47 | W184: 21162.563 | X184: 22229.876 | Y184: 23639.395 | Z184: 25950.398 | AA184: 27442.252 | AB184: 27160.247 | AC184: 29338.967 | AD184: 32522.646 | AE184: 32990.353 | AF184: 31084.417 | AG184: 32855.002 | AH184: 32784.19 | AI184: 35106.502 | AJ184: 36406.777 | AK184: 35109.664 | AL184: 35028.3 | AM184: 32693.597 | AN184: 34242.331 | AO184: 36607.576 | AP184: 38634.249 | AQ184: 39040.565 | AR184: 39428.695 | AS184: 40989.452 | AT184: 40809.768 | AU184: 39326.112 | AV184: 35590.255 | AW184: 34032.976 | AX184: 32860.226 | AY184: 30838.08 | AZ184: 31296.673 | BA184: 31395.805 | BB184: 32799.09 | BC184: 31511.085 | BD184: 32097.722 | BE184: 33759.538 | BF184: 33792.67 | BG184: 35965.32 | BH184: 40202.33 | BI184: 44683.14 | BJ184: 50726.034 | BK184: 55883.646 | BL184: 61643.022 | BM184: 61065.125 | BN184: 56553.899 | BO184: 66600.72 | BP184: 74018.079 | BQ184: 74273.257 | BR184: 78962.576 | BS184: 78513.401 | BT184: 75211.733 | BU184: 77102.359 | BV184: 101551.16 | BW184: 100939.92 | BX184: 103182.36 | BY184: 106377.72 | BZ184: 109908.72 | CA184: 104571.36 | CB184: 100838.66 | CC184: 95738.319 | CD184: 98014.775 | CE184: 98484.411 | CF184: 95631.653 | CG184: 94944.022 | CH184: 94196.212 | CI184: 93574.919 | CJ184: 93250.794 | CK184: 93198.678 | CL184: 93641.732 | CM184: 94504.175 | CN184: 95901.11 | CO184: 97737.189 | CP184: 100055.8 | CQ184: 102766.53 | CR184: 105857.56 | CS184: 109130.28 | CT184: 112649.29 | CU184: 116186.4 | CV184: 119749.17 | CW184: 123070.5 | CX184: 126155.21 | CY184: 128753.05 | CZ184: 130855.76 | DA184: 132361.85 | DB184: 133232.34 | DC184: 133419.95 | DD184: 133086.68 | DE184: 132093.43 | DF184: 130624.53 | DG184: 128786.14 | DH184: 126608.61 | DI184: 124306.72 | DJ184: 121971.9 | DK184: 119764.43 | DL184: 117628.35 | DM184: 115753.61 | DN184: 114216.77 | DO184: 113058.98 | DP184: 112349.66 | DQ184: 112071.58 | DR184: 112132.25 | DS184: 112648.54 | DT184: 113591.82 | DU184: 114773.35 | DV184: 116163.59 | DW184: 117712.2 | DX184: 119332.84 | DY184: 121024.15 | DZ184: 122572.92 | EA184: 124017.84 | EB184: 125275.12 | EC184: 126317.2 | ED184: 127094.11 | EE184: 127523.21 | EF184: 127754.27 | EG184: 127684.93 | EH184: 127425.21 | EI184: 127036.02 | EJ184: 126436.41 | EK184: 125772.07 | EL184: 125050.65 | EM184: 124346.01 | EN184: 123763.85 | EO184: 123292.89 | EP184: 122919.41 | EQ184: 122666.09 | ER184: 122597.4 | ES184: 122757.09 | ET184: 122999.69 | EU184: 123348.92 | EV184: 123808.08 | EW184: 124318.96 | EX184: 124845.1 | EY184: 125416.95 | EZ184: 125867.47 | FA184: 126294.65
A185: Global | B185: Global | D185: Products | E185: End-use steel consumption [kt] | F185: EUSC | G185: kt | H185: 4299.7378 | I185: 3517.1341 | J185: 4624.5995 | K185: 3496.8724 | L185: 6341.8074 | M185: 6581.7783 | N185: 7555.2091 | O185: 7152.2294 | P185: 10175.473 | Q185: 12577.479 | R185: 11691.628 | S185: 12029.456 | T185: 13580.674 | U185: 16594.05 | V185: 17598.323 | W185: 18679.586 | X185: 20593.806 | Y185: 21891.126 | Z185: 25795.07 | AA185: 26649.832 | AB185: 25159.293 | AC185: 28965.87 | AD185: 33116.696 | AE185: 32837.859 | AF185: 29653.503 | AG185: 33817.312 | AH185: 32536.637 | AI185: 35755.532 | AJ185: 37474.979 | AK185: 35423.06 | AL185: 35112.464 | AM185: 30828.405 | AN185: 32958.225 | AO185: 35882.297 | AP185: 37654.182 | AQ185: 37177.158 | AR185: 36888.453 | AS185: 37961.179 | AT185: 36019.397 | AU185: 35130.613 | AV185: 32238.395 | AW185: 38435.521 | AX185: 35666.131 | AY185: 38697.564 | AZ185: 40005.389 | BA185: 41163.375 | BB185: 41258.725 | BC185: 38121.58 | BD185: 39573.637 | BE185: 42494.009 | BF185: 43130.864 | BG185: 46528.835 | BH185: 49853.766 | BI185: 53854.203 | BJ185: 58679.155 | BK185: 64634.523 | BL185: 69365.316 | BM185: 66194.425 | BN185: 58186.429 | BO185: 78767.381 | BP185: 83512.067 | BQ185: 84908.718 | BR185: 87497.396 | BS185: 89149.349 | BT185: 84349.257 | BU185: 89802.108 | BV185: 129462.64 | BW185: 142075.59 | BX185: 151351.13 | BY185: 159700.61 | BZ185: 172156.22 | CA185: 169444.09 | CB185: 167444.13 | CC185: 170643.54 | CD185: 185382.04 | CE185: 197532.81 | CF185: 206894.66 | CG185: 212080.61 | CH185: 213624.24 | CI185: 213989.57 | CJ185: 216126.12 | CK185: 220916.8 | CL185: 227247.59 | CM185: 233243.91 | CN185: 237779.85 | CO185: 240702.69 | CP185: 243006.92 | CQ185: 245851.04 | CR185: 249988.55 | CS185: 255280.06 | CT185: 261161.29 | CU185: 266942.65 | CV185: 272373.78 | CW185: 277572.4 | CX185: 283009.24 | CY185: 288967.86 | CZ185: 295568.24 | DA185: 302582.79 | DB185: 309702.71 | DC185: 316618.91 | DD185: 323356.63 | DE185: 329811.94 | DF185: 336111.43 | DG185: 342322.11 | DH185: 348243.29 | DI185: 353802.06 | DJ185: 358854.13 | DK185: 363352.19 | DL185: 367261.33 | DM185: 370708.78 | DN185: 373810.47 | DO185: 376603.21 | DP185: 379162.37 | DQ185: 381505.97 | DR185: 383539.2 | DS185: 385435.55 | DT185: 387276.52 | DU185: 388962.35 | DV185: 390672.81 | DW185: 392404.58 | DX185: 394146.65 | DY185: 395954.71 | DZ185: 397744.76 | EA185: 399619.45 | EB185: 401539.67 | EC185: 403535.19 | ED185: 405678.92 | EE185: 407860.68 | EF185: 410219.83 | EG185: 412663.35 | EH185: 415221.41 | EI185: 417936.31 | EJ185: 420772.5 | EK185: 423736.92 | EL185: 426854.85 | EM185: 430131.22 | EN185: 433528.49 | EO185: 437063.11 | EP185: 440709.08 | EQ185: 444386.53 | ER185: 448106.26 | ES185: 451923.01 | ET185: 455692.88 | EU185: 459403.54 | EV185: 463033.83 | EW185: 466643.84 | EX185: 470155.92 | EY185: 473583.67 | EZ185: 476886.95 | FA185: 480099.22
A186: Afghanistan | B186: AFG | C186: =VLOOKUP(B186,CountryCodes!$B$4:$C$179,2,FALSE) -> ASC | E186: Population | F186: POPN | H186: 7825.766 | I186: 7932.912 | J186: 8042.655 | K186: 8150.741 | L186: 8265.158 | M186: 8388.801 | N186: 8519.802 | O186: 8656.868 | P186: 8789.935 | Q186: 8948.604 | R186: 9121.483 | S186: 9306.683 | T186: 9502.129 | U186: 9706.845 | V186: 9921.791 | W186: 10150.226 | X186: 10382.564 | Y186: 10629.354 | Z186: 10884.489 | AA186: 11150.329 | AB186: 11429.926 | AC186: 11705.409 | AD186: 12001.983 | AE186: 12314.016 | AF186: 12624.237 | AG186: 12923.671 | AH186: 13196.031 | AI186: 13485.482 | AJ186: 13737.4 | AK186: 13573.734 | AL186: 12764.889 | AM186: 11110.273 | AN186: 10872.483 | AO186: 10963.481 | AP186: 11416.962 | AQ186: 11436.742 | AR186: 11403.405 | AS186: 11372.232 | AT186: 11674.364 | AU186: 12073.812 | AV186: 12017.508 | AW186: 12460.25 | AX186: 14097.697 | AY186: 15788.647 | AZ186: 16712.942 | BA186: 17418.729 | BB186: 18107.803 | BC186: 18796.38 | BD186: 19523.611 | BE186: 20251.958 | BF186: 20008.696 | BG186: 20559.918 | BH186: 22196.316 | BI186: 23269.782 | BJ186: 23851.525 | BK186: 24957.609 | BL186: 25890.58 | BM186: 25929.124 | BN186: 27036.12 | BO186: 27896.081 | BP186: 28672.096 | BQ186: 30023.32 | BR186: 31096.748 | BS186: 32148.66 | BT186: 33436.386 | BU186: 34227.141 | BV186: 35174.083 | BW186: 36203.786 | BX186: 37282.292 | BY186: 38429.95 | BZ186: 39708.008 | CA186: 40292.816 | CB186: 40864.868 | CC186: 42044.654 | CD186: 43250.33 | CE186: 44437.893 | CF186: 45656.244 | CG186: 46861.567 | CH186: 48079.582 | CI186: 49371.851 | CJ186: 50706.953 | CK186: 52045.049 | CL186: 53370.646 | CM186: 54717.862 | CN186: 56001.066 | CO186: 57293.399 | CP186: 58613.923 | CQ186: 59944.165 | CR186: 61251.511 | CS186: 62637.433 | CT186: 64058.308 | CU186: 65419.378 | CV186: 66701.061 | CW186: 68049.266 | CX186: 69358.651 | CY186: 70683.748 | CZ186: 72085.638 | DA186: 73426.983 | DB186: 74792.486 | DC186: 76238.717 | DD186: 77531.552 | DE186: 78778.551 | DF186: 80136.021 | DG186: 81507.771 | DH186: 82885.848 | DI186: 84271.925 | DJ186: 85689.38 | DK186: 87097.919 | DL186: 88449.166 | DM186: 89714.316 | DN186: 91011.156 | DO186: 92256.291 | DP186: 93606.968 | DQ186: 94945.273 | DR186: 96332.889 | DS186: 97715.613 | DT186: 98961.907 | DU186: 100192.6 | DV186: 101508.63 | DW186: 102757.15 | DX186: 104076.13 | DY186: 105238.08 | DZ186: 106434.25 | EA186: 107692.24 | EB186: 108838.79 | EC186: 109866.95 | ED186: 110932.82 | EE186: 112018.83 | EF186: 113009.8 | EG186: 114157.05 | EH186: 115190.54 | EI186: 116078.11 | EJ186: 116954.35 | EK186: 117802.72 | EL186: 118783.23 | EM186: 119665.32 | EN186: 120421.15 | EO186: 121295.36 | EP186: 122092.72 | EQ186: 122874.32 | ER186: 123734.68 | ES186: 124485.33 | ET186: 125223 | EU186: 125955.83 | EV186: 126657.95 | EW186: 127322.34 | EX186: 127973.18 | EY186: 128637.81 | EZ186: 129291.71 | FA186: 129940.52
A187: Angola | B187: AGO | C187: =VLOOKUP(B187,CountryCodes!$B$4:$C$179,2,FALSE) -> AFZ | E187: Population | F187: POPN | H187: 4579.359 | I187: 4625.764 | J187: 4677.611 | K187: 4735.107 | L187: 4798.327 | M187: 4867.201 | N187: 4941.34 | O187: 5019.944 | P187: 5102.324 | Q187: 5187.881 | R187: 5275.427 | S187: 5327.74 | T187: 5380.879 | U187: 5435.761 | V187: 5492.613 | W187: 5551.349 | X187: 5611.424 | Y187: 5672.19 | Z187: 5733.209 | AA187: 5794.161 | AB187: 5911.415 | AC187: 6070.789 | AD187: 6277.736 | AE187: 6499.32 | AF187: 6727.414 | AG187: 6958.479 | AH187: 7190.85 | AI187: 7444.809 | AJ187: 7708.658 | AK187: 7985.756 | AL187: 8281.987 | AM187: 8589.227 | AN187: 8914.07 | AO187: 9251.895 | AP187: 9599.94 | AQ187: 9958.299 | AR187: 10320.6 | AS187: 10675.115 | AT187: 11047.467 | AU187: 11429.657 | AV187: 11823.062 | AW187: 12223.995 | AX187: 12623.43 | AY187: 13030.839 | AZ187: 13468.69 | BA187: 13930.866 | BB187: 14411.08 | BC187: 14909.745 | BD187: 15408.995 | BE187: 15925.474 | BF187: 16464.263 | BG187: 17030.152 | BH187: 17625.247 | BI187: 18262.177 | BJ187: 18938.669 | BK187: 19643.652 | BL187: 20386.906 | BM187: 21170.217 | BN187: 21987.093 | BO187: 22842.454 | BP187: 23747.196 | BQ187: 24689.507 | BR187: 25665.281 | BS187: 26665.959 | BT187: 27655.58 | BU187: 28660.016 | BV187: 29706.124 | BW187: 30763.554 | BX187: 31830.756 | BY187: 32920.509 | BZ187: 33981.756 | CA187: 35083.102 | CB187: 36186.956 | CC187: 37312.856 | CD187: 38458.843 | CE187: 39621.234 | CF187: 40809.125 | CG187: 42021.124 | CH187: 43262.228 | CI187: 44521.473 | CJ187: 45799.443 | CK187: 47100.486 | CL187: 48418.533 | CM187: 49764.415 | CN187: 51130.496 | CO187: 52512.94 | CP187: 53918.938 | CQ187: 55332.804 | CR187: 56774.756 | CS187: 58229.076 | CT187: 59701.567 | CU187: 61180.79 | CV187: 62675.037 | CW187: 64186.718 | CX187: 65703.879 | CY187: 67224.778 | CZ187: 68776.418 | DA187: 70331.922 | DB187: 71905.646 | DC187: 73497.124 | DD187: 75093.665 | DE187: 76691.987 | DF187: 78311.944 | DG187: 79934.971 | DH187: 81570.461 | DI187: 83213.98 | DJ187: 84850.428 | DK187: 86508.392 | DL187: 88163.686 | DM187: 89819.497 | DN187: 91476.331 | DO187: 93145.645 | DP187: 94794.337 | DQ187: 96455.896 | DR187: 98109.662 | DS187: 99756.798 | DT187: 101400.14 | DU187: 103038.69 | DV187: 104677.69 | DW187: 106319.64 | DX187: 107954.51 | DY187: 109581.08 | DZ187: 111201.73 | EA187: 112827.07 | EB187: 114434.55 | EC187: 116007.13 | ED187: 117569.73 | EE187: 119142.58 | EF187: 120707.62 | EG187: 122234.6 | EH187: 123790.2 | EI187: 125295.58 | EJ187: 126782.43 | EK187: 128249.05 | EL187: 129723.06 | EM187: 131184.96 | EN187: 132632.18 | EO187: 134037.2 | EP187: 135459 | EQ187: 136867.73 | ER187: 138245.7 | ES187: 139594 | ET187: 140904.76 | EU187: 142195.35 | EV187: 143474.94 | EW187: 144730.11 | EX187: 145951.56 | EY187: 147147.61 | EZ187: 148339.12 | FA187: 149486.5
A188: Albania | B188: ALB | C188: =VLOOKUP(B188,CountryCodes!$B$4:$C$179,2,FALSE) -> ENE | E188: Population | F188: POPN | H188: 1261.228 | I188: 1291.503 | J188: 1325.217 | K188: 1361.934 | L188: 1400.24 | M188: 1437.459 | N188: 1476.181 | O188: 1519.731 | P188: 1568.226 | Q188: 1621.796 | R188: 1676.978 | S188: 1720.603 | T188: 1766.863 | U188: 1815.707 | V188: 1867.176 | W188: 1921.448 | X188: 1978.641 | Y188: 2038.4 | Z188: 2099.282 | AA188: 2154.468 | AB188: 2207.971 | AC188: 2262.013 | AD188: 2316.518 | AE188: 2371.692 | AF188: 2427.11 | AG188: 2482.608 | AH188: 2538.552 | AI188: 2594.647 | AJ188: 2654.595 | AK188: 2708.174 | AL188: 2762.658 | AM188: 2818.168 | AN188: 2875.647 | AO188: 2934.613 | AP188: 2995.303 | AQ188: 3057.18 | AR188: 3118.124 | AS188: 3179.553 | AT188: 3246.285 | AU188: 3274.462 | AV188: 3281.47 | AW188: 3283.735 | AX188: 3281.267 | AY188: 3274.382 | AZ188: 3264.437 | BA188: 3252.697 | BB188: 3238.659 | BC188: 3220.66 | BD188: 3199.605 | BE188: 3177.586 | BF188: 3154.709 | BG188: 3141.178 | BH188: 3127.006 | BI188: 3109.169 | BJ188: 3088.146 | BK188: 3064.172 | BL188: 3037.445 | BM188: 3008.329 | BN188: 2977.532 | BO188: 2945.427 | BP188: 2912.016 | BQ188: 2910.992 | BR188: 2909.016 | BS188: 2906.129 | BT188: 2901.37 | BU188: 2895.894 | BV188: 2899.839 | BW188: 2896.646 | BX188: 2891.816 | BY188: 2878.203 | BZ188: 2865.704 | CA188: 2833.567 | CB188: 2821.649 | CC188: 2801.661 | CD188: 2781.868 | CE188: 2761.147 | CF188: 2740.903 | CG188: 2721.547 | CH188: 2701.774 | CI188: 2682.047 | CJ188: 2661.723 | CK188: 2642.024 | CL188: 2622.295 | CM188: 2601.802 | CN188: 2580.832 | CO188: 2560.328 | CP188: 2539.049 | CQ188: 2517.424 | CR188: 2495.766 | CS188: 2472.981 | CT188: 2450.751 | CU188: 2428.288 | CV188: 2406.239 | CW188: 2384.092 | CX188: 2362.43 | CY188: 2340.131 | CZ188: 2317.774 | DA188: 2295.955 | DB188: 2273.728 | DC188: 2251.369 | DD188: 2228.962 | DE188: 2207.061 | DF188: 2184.618 | DG188: 2162.04 | DH188: 2139.509 | DI188: 2117.092 | DJ188: 2095.054 | DK188: 2072.882 | DL188: 2051.004 | DM188: 2028.96 | DN188: 2007.037 | DO188: 1985.374 | DP188: 1963.712 | DQ188: 1941.918 | DR188: 1920.288 | DS188: 1898.689 | DT188: 1877.62 | DU188: 1856.093 | DV188: 1834.721 | DW188: 1813.476 | DX188: 1792.159 | DY188: 1770.661 | DZ188: 1749.085 | EA188: 1727.575 | EB188: 1705.37 | EC188: 1683.391 | ED188: 1661.63 | EE188: 1639.461 | EF188: 1617.471 | EG188: 1595.502 | EH188: 1573.105 | EI188: 1550.681 | EJ188: 1528.066 | EK188: 1505.497 | EL188: 1483.074 | EM188: 1460.861 | EN188: 1438.891 | EO188: 1417.331 | EP188: 1395.83 | EQ188: 1374.724 | ER188: 1354.114 | ES188: 1333.996 | ET188: 1314.388 | EU188: 1295.363 | EV188: 1276.926 | EW188: 1259.091 | EX188: 1241.768 | EY188: 1224.956 | EZ188: 1208.614 | FA188: 1192.748
A189: United Arab Emirates | B189: ARE | C189: =VLOOKUP(B189,CountryCodes!$B$4:$C$179,2,FALSE) -> MEA | E189: Population | F189: POPN | H189: 76.976 | I189: 82.104 | J189: 87.418 | K189: 92.876 | L189: 98.429 | M189: 104.087 | N189: 109.838 | O189: 115.73 | P189: 121.794 | Q189: 128.08 | R189: 134.589 | S189: 141.389 | T189: 148.503 | U189: 155.919 | V189: 163.465 | W189: 170.742 | X189: 177.211 | Y189: 182.189 | Z189: 216.642 | AA189: 262.678 | AB189: 310.393 | AC189: 359.661 | AD189: 410.366 | AE189: 462.431 | AF189: 515.742 | AG189: 569.971 | AH189: 661.761 | AI189: 758.657 | AJ189: 859.891 | AK189: 964.13 | AL189: 1067.27 | AM189: 1132.44 | AN189: 1200.3 | AO189: 1270.311 | AP189: 1341.681 | AQ189: 1414.142 | AR189: 1520.624 | AS189: 1627.864 | AT189: 1735.712 | AU189: 1843.989 | AV189: 1952.451 | AW189: 2060.8 | AX189: 2168.66 | AY189: 2275.527 | AZ189: 2380.849 | BA189: 2488.476 | BB189: 2706.652 | BC189: 2928.167 | BD189: 3152.676 | BE189: 3379.342 | BF189: 3607.809 | BG189: 3839.372 | BH189: 4074.28 | BI189: 4310.634 | BJ189: 4547.3 | BK189: 4782.28 | BL189: 5235.92 | BM189: 6013.349 | BN189: 6591.98 | BO189: 6822.136 | BP189: 7054.59 | BQ189: 7344.257 | BR189: 7649.98 | BS189: 8013.714 | BT189: 8460.035 | BU189: 8889.231 | BV189: 9172.515 | BW189: 9296.139 | BX189: 9397.601 | BY189: 9358.094 | BZ189: 9538.954 | CA189: 10039.142 | CB189: 10445.031 | CC189: 10839.131 | CD189: 11215.127 | CE189: 11476.873 | CF189: 11672.491 | CG189: 11838.7 | CH189: 11985.813 | CI189: 12123.467 | CJ189: 12257.743 | CK189: 12396.478 | CL189: 12539.154 | CM189: 12685.376 | CN189: 12834.777 | CO189: 12986.627 | CP189: 13140.805 | CQ189: 13296.79 | CR189: 13454.693 | CS189: 13613.685 | CT189: 13773.868 | CU189: 13935.181 | CV189: 14097.482 | CW189: 14260.709 | CX189: 14424.914 | CY189: 14589.818 | CZ189: 14757.7 | DA189: 14929.935 | DB189: 15103.819 | DC189: 15279.41 | DD189: 15455.374 | DE189: 15631.969 | DF189: 15809.983 | DG189: 15990.056 | DH189: 16172.822 | DI189: 16356.957 | DJ189: 16543.126 | DK189: 16731.93 | DL189: 16923.34 | DM189: 17117.055 | DN189: 17312.605 | DO189: 17511.669 | DP189: 17714.667 | DQ189: 17921.094 | DR189: 18131.022 | DS189: 18343.784 | DT189: 18559.172 | DU189: 18777.555 | DV189: 18998.445 | DW189: 19221.863 | DX189: 19446.716 | DY189: 19673.553 | DZ189: 19901.265 | EA189: 20130.535 | EB189: 20359.582 | EC189: 20588.995 | ED189: 20818.419 | EE189: 21047.605 | EF189: 21276.045 | EG189: 21503.904 | EH189: 21730.93 | EI189: 21957.296 | EJ189: 22182.762 | EK189: 22407.36 | EL189: 22630.691 | EM189: 22853.141 | EN189: 23075.268 | EO189: 23297.426 | EP189: 23519.479 | EQ189: 23741.829 | ER189: 23963.904 | ES189: 24186.47 | ET189: 24409.784 | EU189: 24634.192 | EV189: 24859.904 | EW189: 25087.108 | EX189: 25316.098 | EY189: 25546.91 | EZ189: 25780.106 | FA189: 26015.286
A190: Argentina | B190: ARG | C190: =VLOOKUP(B190,CountryCodes!$B$4:$C$179,2,FALSE) -> LAM | E190: Population | F190: POPN | H190: 17186.391 | I190: 17526.543 | J190: 17871.212 | K190: 18211.391 | L190: 18551.034 | M190: 18881.023 | N190: 19218.906 | O190: 19547.163 | P190: 19881.344 | Q190: 20217.875 | R190: 20554.215 | S190: 20898.337 | T190: 21246.74 | U190: 21596.67 | V190: 21942.237 | W190: 22283.022 | X190: 22624.763 | Y190: 22973.355 | Z190: 23327.811 | AA190: 23689.611 | AB190: 24067.043 | AC190: 24447.373 | AD190: 24841.283 | AE190: 25250.727 | AF190: 25671.974 | AG190: 26076.241 | AH190: 26488.325 | AI190: 26915.285 | AJ190: 27349.03 | AK190: 27788.76 | AL190: 28234.433 | AM190: 28693.485 | AN190: 29155.038 | AO190: 29627.626 | AP190: 30098.56 | AQ190: 30574.321 | AR190: 31049.639 | AS190: 31533.884 | AT190: 32027.18 | AU190: 32514.716 | AV190: 32997.086 | AW190: 33463.502 | AX190: 33923.553 | AY190: 34381.88 | AZ190: 34845.103 | BA190: 35294.937 | BB190: 35732.648 | BC190: 36162.935 | BD190: 36582.785 | BE190: 37006.579 | BF190: 37421.389 | BG190: 37828.262 | BH190: 38230.436 | BI190: 38618.128 | BJ190: 39013.703 | BK190: 39419.876 | BL190: 39824.354 | BM190: 40209.172 | BN190: 40639.124 | BO190: 41070.538 | BP190: 41506.849 | BQ190: 41954.472 | BR190: 42368.971 | BS190: 42795.94 | BT190: 43252.203 | BU190: 43701.821 | BV190: 44098.806 | BW190: 44478.982 | BX190: 44830.781 | BY190: 45116.15 | BZ190: 45267.779 | CA190: 45356.784 | CB190: 45459.024 | CC190: 45617.778 | CD190: 45774.54 | CE190: 45928.215 | CF190: 46079.253 | CG190: 46227.431 | CH190: 46372.462 | CI190: 46515.067 | CJ190: 46654.977 | CK190: 46792.494 | CL190: 46927.26 | CM190: 47059.773 | CN190: 47189.298 | CO190: 47314.69 | CP190: 47436.04 | CQ190: 47552.984 | CR190: 47664.591 | CS190: 47769.055 | CT190: 47866.234 | CU190: 47954.762 | CV190: 48034.251 | CW190: 48104.871 | CX190: 48166.187 | CY190: 48217.495 | CZ190: 48257.861 | DA190: 48287.123 | DB190: 48304.93 | DC190: 48311.619 | DD190: 48306.268 | DE190: 48287.927 | DF190: 48256.811 | DG190: 48212.663 | DH190: 48156.563 | DI190: 48087.895 | DJ190: 48006.821 | DK190: 47914.399 | DL190: 47811.328 | DM190: 47699.324 | DN190: 47578.053 | DO190: 47448.9 | DP190: 47312.595 | DQ190: 47169.78 | DR190: 47020.805 | DS190: 46866.019 | DT190: 46706.128 | DU190: 46540.831 | DV190: 46369.229 | DW190: 46191.796 | DX190: 46009.153 | DY190: 45820.613 | DZ190: 45627.039 | EA190: 45427.367 | EB190: 45221.002 | EC190: 45009.243 | ED190: 44791.012 | EE190: 44567.123 | EF190: 44335.881 | EG190: 44098.307 | EH190: 43854.148 | EI190: 43603.559 | EJ190: 43346.317 | EK190: 43082.972 | EL190: 42814.27 | EM190: 42539.997 | EN190: 42261.325 | EO190: 41978.71 | EP190: 41692.263 | EQ190: 41401.967 | ER190: 41108.106 | ES190: 40811.761 | ET190: 40513.22 | EU190: 40213.219 | EV190: 39912.667 | EW190: 39611.05 | EX190: 39309.197 | EY190: 39007.602 | EZ190: 38706.442 | FA190: 38405.794
A191: Armenia | B191: ARM | C191: =VLOOKUP(B191,CountryCodes!$B$4:$C$179,2,FALSE) -> ASC | E191: Population | F191: POPN | H191: 1399.497 | I191: 1435.07 | J191: 1473.143 | K191: 1514.012 | L191: 1557.945 | M191: 1605.071 | N191: 1656.566 | O191: 1711.702 | P191: 1770.066 | Q191: 1831.951 | R191: 1895.459 | S191: 1959.509 | T191: 2023.869 | U191: 2088.177 | V191: 2152.094 | W191: 2215.175 | X191: 2277.142 | Y191: 2337.841 | Z191: 2396.797 | AA191: 2451.263 | AB191: 2500.002 | AC191: 2550.689 | AD191: 2603.468 | AE191: 2658.253 | AF191: 2714.637 | AG191: 2772.683 | AH191: 2863.647 | AI191: 2962.008 | AJ191: 3063.605 | AK191: 3093.398 | AL191: 3121.432 | AM191: 3149.265 | AN191: 3177.023 | AO191: 3206.055 | AP191: 3243.039 | AQ191: 3277.825 | AR191: 3311.87 | AS191: 3345.17 | AT191: 3365.08 | AU191: 3521.12 | AV191: 3583.135 | AW191: 3644.818 | AX191: 3498.905 | AY191: 3407.76 | AZ191: 3321.46 | BA191: 3293.703 | BB191: 3263.768 | BC191: 3228.81 | BD191: 3187.992 | BE191: 3146.58 | BF191: 3104.677 | BG191: 3064.022 | BH191: 3047.238 | BI191: 3030.699 | BJ191: 3014.383 | BK191: 2998.319 | BL191: 2982.435 | BM191: 2967.203 | BN191: 2952.777 | BO191: 2938.256 | BP191: 2923.9 | BQ191: 2922.641 | BR191: 2922.414 | BS191: 2922.622 | BT191: 2922.222 | BU191: 2920.133 | BV191: 2917.452 | BW191: 2912.475 | BX191: 2907.454 | BY191: 2900.489 | BZ191: 2881.296 | CA191: 2859.401 | CB191: 2902.348 | CC191: 2984.438 | CD191: 2963.243 | CE191: 2941.486 | CF191: 2920.344 | CG191: 2900.647 | CH191: 2880.986 | CI191: 2861.04 | CJ191: 2841.543 | CK191: 2822.121 | CL191: 2803.453 | CM191: 2784.613 | CN191: 2766.122 | CO191: 2747.328 | CP191: 2729.002 | CQ191: 2710.853 | CR191: 2693.087 | CS191: 2674.555 | CT191: 2656.491 | CU191: 2638.932 | CV191: 2621.299 | CW191: 2604.107 | CX191: 2587.544 | CY191: 2570.896 | CZ191: 2554.128 | DA191: 2537.265 | DB191: 2520.401 | DC191: 2503.559 | DD191: 2486.855 | DE191: 2469.85 | DF191: 2452.663 | DG191: 2436.597 | DH191: 2419.535 | DI191: 2403.007 | DJ191: 2386.212 | DK191: 2369.008 | DL191: 2352.246 | DM191: 2334.997 | DN191: 2317.775 | DO191: 2300.419 | DP191: 2283.329 | DQ191: 2265.71 | DR191: 2247.923 | DS191: 2229.823 | DT191: 2211.629 | DU191: 2193.302 | DV191: 2174.718 | DW191: 2156.218 | DX191: 2137.71 | DY191: 2119.177 | DZ191: 2100.505 | EA191: 2081.76 | EB191: 2063.259 | EC191: 2044.99 | ED191: 2027.296 | EE191: 2009.636 | EF191: 1992.088 | EG191: 1974.96 | EH191: 1958.063 | EI191: 1941.412 | EJ191: 1925.094 | EK191: 1909.429 | EL191: 1894.064 | EM191: 1879.072 | EN191: 1864.27 | EO191: 1850.06 | EP191: 1836.28 | EQ191: 1822.842 | ER191: 1809.63 | ES191: 1796.645 | ET191: 1783.976 | EU191: 1771.378 | EV191: 1758.909 | EW191: 1746.712 | EX191: 1734.603 | EY191: 1722.462 | EZ191: 1710.326 | FA191: 1698.238
A192: Australia | B192: AUS | C192: =VLOOKUP(B192,CountryCodes!$B$4:$C$179,2,FALSE) -> ANZ | E192: Population | F192: POPN | H192: 8304.6 | I192: 8532.62 | J192: 8728.789 | K192: 8903.373 | L192: 9095.393 | M192: 9314.969 | N192: 9534.354 | O192: 9743.196 | P192: 9952.077 | Q192: 10167.995 | R192: 10393.631 | S192: 10607.255 | T192: 10807.217 | U192: 11019.313 | V192: 11237.188 | W192: 11477.766 | X192: 11707.204 | Y192: 11913.834 | Z192: 12146.192 | AA192: 12398.569 | AB192: 12800.253 | AC192: 13195.675 | AD192: 13414.117 | AE192: 13623.253 | AF192: 13815.736 | AG192: 13972.242 | AH192: 14121.268 | AI192: 14285.749 | AJ192: 14448.447 | AK192: 14617.623 | AL192: 14825.071 | AM192: 15073.333 | AN192: 15311.637 | AO192: 15518.149 | AP192: 15723.157 | AQ192: 15948.338 | AR192: 16190.928 | AS192: 16453.609 | AT192: 16734.589 | AU192: 17004.135 | AV192: 17248.461 | AW192: 17457.924 | AX192: 17640.653 | AY192: 17805.169 | AZ192: 17989.698 | BA192: 18200.991 | BB192: 18409.624 | BC192: 18600.201 | BD192: 18803.233 | BE192: 19016.729 | BF192: 19248.213 | BG192: 19482.653 | BH192: 19708.057 | BI192: 19930.852 | BJ192: 20162.502 | BK192: 20426.478 | BL192: 20754.641 | BM192: 21154.456 | BN192: 21586.721 | BO192: 21979.301 | BP192: 22303.86 | BQ192: 22655.69 | BR192: 23049.598 | BS192: 23422.943 | BT192: 23768.258 | BU192: 24127.746 | BV192: 24532.18 | BW192: 24929.897 | BX192: 25309.514 | BY192: 25655.914 | BZ192: 25831.668 | CA192: 26081.167 | CB192: 26320.802 | CC192: 26581.446 | CD192: 26844.964 | CE192: 27103.088 | CF192: 27351.104 | CG192: 27597.438 | CH192: 27840.238 | CI192: 28072.905 | CJ192: 28304.174 | CK192: 28531.414 | CL192: 28752.429 | CM192: 28970.774 | CN192: 29187.209 | CO192: 29405.127 | CP192: 29622.099 | CQ192: 29831.175 | CR192: 30044.909 | CS192: 30251.945 | CT192: 30462.956 | CU192: 30677.588 | CV192: 30895.079 | CW192: 31109.348 | CX192: 31322.839 | CY192: 31539.406 | CZ192: 31761.57 | DA192: 31970.869 | DB192: 32192.373 | DC192: 32401.987 | DD192: 32611.952 | DE192: 32820.222 | DF192: 33023.594 | DG192: 33227.552 | DH192: 33434.945 | DI192: 33643.673 | DJ192: 33847.012 | DK192: 34051.096 | DL192: 34262.535 | DM192: 34462.733 | DN192: 34662.633 | DO192: 34866.752 | DP192: 35071.672 | DQ192: 35279.259 | DR192: 35475.901 | DS192: 35678.977 | DT192: 35890.727 | DU192: 36103.806 | DV192: 36318.24 | DW192: 36531.164 | DX192: 36739.081 | DY192: 36940.264 | DZ192: 37142.551 | EA192: 37347.566 | EB192: 37556.139 | EC192: 37763.031 | ED192: 37968.296 | EE192: 38179.305 | EF192: 38388.709 | EG192: 38597.005 | EH192: 38804.682 | EI192: 39022.083 | EJ192: 39232.369 | EK192: 39449.919 | EL192: 39655.558 | EM192: 39863.078 | EN192: 40077.588 | EO192: 40299.278 | EP192: 40533.321 | EQ192: 40759.661 | ER192: 40993.747 | ES192: 41229.092 | ET192: 41460.325 | EU192: 41689.12 | EV192: 41905.168 | EW192: 42127.78 | EX192: 42358.925 | EY192: 42595.326 | EZ192: 42818.144 | FA192: 43035.124
A193: Austria | B193: AUT | C193: =VLOOKUP(B193,CountryCodes!$B$4:$C$179,2,FALSE) -> EUW | E193: Population | F193: POPN | H193: 6935.09 | I193: 6925.877 | J193: 6928.627 | K193: 6935.536 | L193: 6944.247 | M193: 6949.063 | N193: 6955.465 | O193: 6976.204 | P193: 6998.472 | Q193: 7030.057 | R193: 7064.491 | S193: 7107.624 | T193: 7151.534 | U193: 7199.453 | V193: 7247.336 | W193: 7293.494 | X193: 7349.543 | Y193: 7403.035 | Z193: 7426.212 | AA193: 7454.391 | AB193: 7478.247 | AC193: 7521.022 | AD193: 7565.496 | AE193: 7604.715 | AF193: 7591.218 | AG193: 7564.442 | AH193: 7564.472 | AI193: 7570.199 | AJ193: 7552.21 | AK193: 7544.472 | AL193: 7552.34 | AM193: 7582.772 | AN193: 7563.385 | AO193: 7558.941 | AP193: 7562.488 | AQ193: 7566.13 | AR193: 7572.66 | AS193: 7575.971 | AT193: 7594.713 | AU193: 7646.1 | AV193: 7713.149 | AW193: 7801.131 | AX193: 7884.293 | AY193: 7930.698 | AZ193: 7945.612 | BA193: 7955.031 | BB193: 7966.798 | BC193: 7972.809 | BD193: 7984.122 | BE193: 8003.663 | BF193: 8022.193 | BG193: 8062.272 | BH193: 8101.001 | BI193: 8144.203 | BJ193: 8202.779 | BK193: 8255.63 | BL193: 8284.167 | BM193: 8309.737 | BN193: 8336.768 | BO193: 8353.363 | BP193: 8376.82 | BQ193: 8409.72 | BR193: 8453.482 | BS193: 8509.331 | BT193: 8586.304 | BU193: 8701.773 | BV193: 8774.058 | BW193: 8823.497 | BX193: 8859.804 | BY193: 8901.948 | BZ193: 8940.862 | CA193: 8993.251 | CB193: 9136.103 | CC193: 9124.755 | CD193: 9116.871 | CE193: 9110.277 | CF193: 9104.255 | CG193: 9098.731 | CH193: 9093.799 | CI193: 9085.728 | CJ193: 9074.965 | CK193: 9063.212 | CL193: 9049.807 | CM193: 9037.164 | CN193: 9021.655 | CO193: 9006.761 | CP193: 8991.73 | CQ193: 8973.661 | CR193: 8959.14 | CS193: 8942.441 | CT193: 8925.682 | CU193: 8909.437 | CV193: 8891.911 | CW193: 8874.445 | CX193: 8854.55 | CY193: 8834.91 | CZ193: 8813.488 | DA193: 8790.317 | DB193: 8765.375 | DC193: 8738.136 | DD193: 8710.528 | DE193: 8682.843 | DF193: 8653 | DG193: 8620.421 | DH193: 8587.351 | DI193: 8553.918 | DJ193: 8520.105 | DK193: 8483.689 | DL193: 8447.947 | DM193: 8412.174 | DN193: 8377.217 | DO193: 8342.994 | DP193: 8308.246 | DQ193: 8274.099 | DR193: 8242.324 | DS193: 8209.22 | DT193: 8176.879 | DU193: 8146.186 | DV193: 8116.426 | DW193: 8086.683 | DX193: 8058.829 | DY193: 8031.739 | DZ193: 8003.694 | EA193: 7977.2 | EB193: 7950.047 | EC193: 7924.569 | ED193: 7898.754 | EE193: 7870.72 | EF193: 7843.691 | EG193: 7817.924 | EH193: 7793.598 | EI193: 7768.64 | EJ193: 7743.338 | EK193: 7718.18 | EL193: 7692.513 | EM193: 7668.218 | EN193: 7645.483 | EO193: 7623.959 | EP193: 7601.43 | EQ193: 7579.251 | ER193: 7559.122 | ES193: 7539.736 | ET193: 7522.121 | EU193: 7504.682 | EV193: 7488.479 | EW193: 7471.269 | EX193: 7454.617 | EY193: 7437.566 | EZ193: 7422.072 | FA193: 7406.83
A194: Azerbaijan | B194: AZE | C194: =VLOOKUP(B194,CountryCodes!$B$4:$C$179,2,FALSE) -> ASC | E194: Population | F194: POPN | H194: 3158.563 | I194: 3215.743 | J194: 3278.259 | K194: 3346.95 | L194: 3422.472 | M194: 3505.701 | N194: 3597.071 | O194: 3696.665 | P194: 3804.732 | Q194: 3920.917 | R194: 4044.496 | S194: 4173.463 | T194: 4305.351 | U194: 4438.746 | V194: 4568.562 | W194: 4692.064 | X194: 4811.737 | Y194: 4922.864 | Z194: 5030.102 | AA194: 5133.445 | AB194: 5234.206 | AC194: 5332.803 | AD194: 5429.032 | AE194: 5524.186 | AF194: 5620.264 | AG194: 5718.255 | AH194: 5863.826 | AI194: 6011.455 | AJ194: 6138.7 | AK194: 6235.567 | AL194: 6333.848 | AM194: 6437.36 | AN194: 6545.509 | AO194: 6659.143 | AP194: 6753.42 | AQ194: 6846.207 | AR194: 6936.487 | AS194: 7018.828 | AT194: 7143.984 | AU194: 7191.186 | AV194: 7270.968 | AW194: 7357.648 | AX194: 7453.912 | AY194: 7554.318 | AZ194: 7663.468 | BA194: 7775.095 | BB194: 7886.869 | BC194: 7985.574 | BD194: 8066.034 | BE194: 8134.909 | BF194: 8214.662 | BG194: 8288.879 | BH194: 8363.388 | BI194: 8437.672 | BJ194: 8542.076 | BK194: 8652.42 | BL194: 8770.34 | BM194: 8886.283 | BN194: 8998.994 | BO194: 9093.678 | BP194: 9200.023 | BQ194: 9312.277 | BR194: 9440.084 | BS194: 9568.734 | BT194: 9693.542 | BU194: 9812.158 | BV194: 9924.698 | BW194: 10012.321 | BX194: 10067.248 | BY194: 10153.702 | BZ194: 10209.758 | CA194: 10258.983 | CB194: 10331.625 | CC194: 10304.789 | CD194: 10368.366 | CE194: 10427.06 | CF194: 10482.65 | CG194: 10536.198 | CH194: 10588.992 | CI194: 10640.514 | CJ194: 10690.246 | CK194: 10739.024 | CL194: 10786.83 | CM194: 10832.799 | CN194: 10877.222 | CO194: 10920.109 | CP194: 10960.582 | CQ194: 10998.892 | CR194: 11033.82 | CS194: 11066.752 | CT194: 11095.919 | CU194: 11121.918 | CV194: 11144.772 | CW194: 11164.879 | CX194: 11181.363 | CY194: 11196.238 | CZ194: 11207.141 | DA194: 11216.375 | DB194: 11222.553 | DC194: 11224.531 | DD194: 11225.315 | DE194: 11223.605 | DF194: 11220.17 | DG194: 11214.108 | DH194: 11206.839 | DI194: 11197.111 | DJ194: 11185.495 | DK194: 11172.045 | DL194: 11158.744 | DM194: 11143.76 | DN194: 11127.38 | DO194: 11110.208 | DP194: 11093.679 | DQ194: 11076.224 | DR194: 11057.905 | DS194: 11037.971 | DT194: 11017.814 | DU194: 10995.943 | DV194: 10973.311 | DW194: 10949.97 | DX194: 10924.424 | DY194: 10898.082 | DZ194: 10870.939 | EA194: 10842.528 | EB194: 10814.196 | EC194: 10784.123 | ED194: 10754.362 | EE194: 10723.554 | EF194: 10692.927 | EG194: 10661.035 | EH194: 10628.692 | EI194: 10596.431 | EJ194: 10564.502 | EK194: 10533.481 | EL194: 10502.246 | EM194: 10471.064 | EN194: 10440.654 | EO194: 10410.072 | EP194: 10380.158 | EQ194: 10350.219 | ER194: 10320.006 | ES194: 10290.288 | ET194: 10260.393 | EU194: 10230.086 | EV194: 10199.385 | EW194: 10168.004 | EX194: 10136.857 | EY194: 10104.813 | EZ194: 10071.88 | FA194: 10038.455
A195: Burundi | B195: BDI | C195: =VLOOKUP(B195,CountryCodes!$B$4:$C$179,2,FALSE) -> AFE | E195: Population | F195: POPN | H195: 2280.554 | I195: 2330.938 | J195: 2380.67 | K195: 2429.703 | L195: 2479.47 | M195: 2529.829 | N195: 2580.787 | O195: 2632.179 | P195: 2682.644 | Q195: 2736.551 | R195: 2791.964 | S195: 2878.273 | T195: 2937.612 | U195: 3002.071 | V195: 3109.229 | W195: 3173.504 | X195: 3262.416 | Y195: 3338.964 | Z195: 3421.81 | AA195: 3487.37 | AB195: 3573.495 | AC195: 3661.084 | AD195: 3573.171 | AE195: 3650.811 | AF195: 3756.37 | AG195: 3836.854 | AH195: 3928.398 | AI195: 4038.767 | AJ195: 4161.909 | AK195: 4245.151 | AL195: 4522.26 | AM195: 4609.768 | AN195: 4753.012 | AO195: 4864.043 | AP195: 4988.887 | AQ195: 5079.198 | AR195: 5179.631 | AS195: 5315.942 | AT195: 5414.711 | AU195: 5528.701 | AV195: 5645.404 | AW195: 5762.31 | AX195: 5954.503 | AY195: 5399.183 | AZ195: 6028.524 | BA195: 6104.108 | BB195: 6036.903 | BC195: 6103.181 | BD195: 6271.035 | BE195: 6403.276 | BF195: 6537.111 | BG195: 6731.619 | BH195: 6916.646 | BI195: 7169.663 | BJ195: 7451.649 | BK195: 7722.949 | BL195: 8008.144 | BM195: 8315.604 | BN195: 8695.67 | BO195: 9199.621 | BP195: 9553.268 | BQ195: 9882.688 | BR195: 10259.367 | BS195: 10619.314 | BT195: 10980.257 | BU195: 11114.903 | BV195: 11363.999 | BW195: 11649.525 | BX195: 12069.367 | BY195: 12441.306 | BZ195: 12792.766 | CA195: 13138.197 | CB195: 13503.998 | CC195: 13874.901 | CD195: 14220.671 | CE195: 14559.334 | CF195: 14898.98 | CG195: 15254.978 | CH195: 15633.051 | CI195: 15998.66 | CJ195: 16365.373 | CK195: 16744.687 | CL195: 17125.789 | CM195: 17509.479 | CN195: 17892.137 | CO195: 18279.545 | CP195: 18686.565 | CQ195: 19099.952 | CR195: 19511.114 | CS195: 19925.929 | CT195: 20336.706 | CU195: 20738.406 | CV195: 21164.719 | CW195: 21576.978 | CX195: 21994.406 | CY195: 22401.368 | CZ195: 22771.047 | DA195: 23169.082 | DB195: 23547.911 | DC195: 23949.994 | DD195: 24313.446 | DE195: 24683.6 | DF195: 25058.7 | DG195: 25432.395 | DH195: 25807.375 | DI195: 26162.475 | DJ195: 26524.284 | DK195: 26867.628 | DL195: 27209.561 | DM195: 27558.862 | DN195: 27903.07 | DO195: 28249.058 | DP195: 28593.078 | DQ195: 28925.345 | DR195: 29265.021 | DS195: 29634.099 | DT195: 29981.124 | DU195: 30336.516 | DV195: 30675.065 | DW195: 31011.329 | DX195: 31354.58 | DY195: 31658.223 | DZ195: 31978.528 | EA195: 32298.588 | EB195: 32602.64 | EC195: 32918.107 | ED195: 33200.434 | EE195: 33508.651 | EF195: 33792.081 | EG195: 34066.499 | EH195: 34308.613 | EI195: 34578.588 | EJ195: 34829.553 | EK195: 35048.248 | EL195: 35274.108 | EM195: 35512.178 | EN195: 35719.532 | EO195: 35907.59 | EP195: 36113.997 | EQ195: 36318.544 | ER195: 36488.205 | ES195: 36651.817 | ET195: 36815.403 | EU195: 36976.139 | EV195: 37151.621 | EW195: 37291.784 | EX195: 37427.327 | EY195: 37564.068 | EZ195: 37704.55 | FA195: 37822.574
A196: Belgium | B196: BEL | C196: =VLOOKUP(B196,CountryCodes!$B$4:$C$179,2,FALSE) -> EUW | E196: Population | F196: POPN | H196: 8637.738 | I196: 8673.778 | J196: 8719.5 | K196: 8764.214 | L196: 8812.55 | M196: 8858.436 | N196: 8905.887 | O196: 8957.833 | P196: 9014.412 | Q196: 9077.067 | R196: 9127.275 | S196: 9189.147 | T196: 9246.191 | U196: 9304.202 | V196: 9371.167 | W196: 9428.548 | X196: 9481.457 | Y196: 9530.382 | Z196: 9569.017 | AA196: 9609.358 | AB196: 9651.651 | AC196: 9681.411 | AD196: 9708.295 | AE196: 9727.775 | AF196: 9743.837 | AG196: 9753.115 | AH196: 9764.687 | AI196: 9783.341 | AJ196: 9800.293 | AK196: 9822.438 | AL196: 9843.747 | AM196: 9857.591 | AN196: 9867.064 | AO196: 9871.2 | AP196: 9877.973 | AQ196: 9882.702 | AR196: 9891.265 | AS196: 9907.028 | AT196: 9926.101 | AU196: 9947.045 | AV196: 9974.891 | AW196: 10023.031 | AX196: 10068.943 | AY196: 10100.918 | AZ196: 10131.093 | BA196: 10143.437 | BB196: 10170.502 | BC196: 10192.426 | BD196: 10213.937 | BE196: 10239.426 | BF196: 10264.008 | BG196: 10310.001 | BH196: 10355.945 | BI196: 10396.575 | BJ196: 10446.009 | BK196: 10511.762 | BL196: 10585.123 | BM196: 10665.862 | BN196: 10753.553 | BO196: 10872.318 | BP196: 11000.933 | BQ196: 11076.33 | BR196: 11138.706 | BS196: 11181.846 | BT196: 11238.392 | BU196: 11312.277 | BV196: 11353.124 | BW196: 11400.037 | BX196: 11457.173 | BY196: 11524.063 | BZ196: 11556.151 | CA196: 11585.536 | CB196: 11698.104 | CC196: 11727.682 | CD196: 11749.845 | CE196: 11767.361 | CF196: 11781.924 | CG196: 11795.355 | CH196: 11807.889 | CI196: 11819.429 | CJ196: 11828.853 | CK196: 11837.152 | CL196: 11845.096 | CM196: 11853.399 | CN196: 11860.352 | CO196: 11866.817 | CP196: 11873.099 | CQ196: 11879.958 | CR196: 11885.854 | CS196: 11890.38 | CT196: 11894.029 | CU196: 11897.886 | CV196: 11900.056 | CW196: 11901.251 | CX196: 11901.846 | CY196: 11900.122 | CZ196: 11896.997 | DA196: 11892.116 | DB196: 11885.132 | DC196: 11876.181 | DD196: 11865.631 | DE196: 11852.374 | DF196: 11836.255 | DG196: 11818.208 | DH196: 11799.861 | DI196: 11780.385 | DJ196: 11759.187 | DK196: 11736.424 | DL196: 11716.533 | DM196: 11695.234 | DN196: 11674.092 | DO196: 11650.743 | DP196: 11628.913 | DQ196: 11607.373 | DR196: 11586.76 | DS196: 11567.28 | DT196: 11548.977 | DU196: 11531.921 | DV196: 11514.746 | DW196: 11498.708 | DX196: 11482.884 | DY196: 11469.559 | DZ196: 11456.491 | EA196: 11443.41 | EB196: 11430.544 | EC196: 11418.783 | ED196: 11407.466 | EE196: 11394.845 | EF196: 11380.75 | EG196: 11367.949 | EH196: 11354.16 | EI196: 11342.203 | EJ196: 11328.01 | EK196: 11314.873 | EL196: 11301.139 | EM196: 11287.715 | EN196: 11273.583 | EO196: 11258.331 | EP196: 11243.229 | EQ196: 11228.944 | ER196: 11214.687 | ES196: 11200.458 | ET196: 11184.557 | EU196: 11169.241 | EV196: 11153.001 | EW196: 11137.3 | EX196: 11122.014 | EY196: 11106.015 | EZ196: 11088.121 | FA196: 11070.031
A197: Benin | B197: BEN | C197: =VLOOKUP(B197,CountryCodes!$B$4:$C$179,2,FALSE) -> AFW | E197: Population | F197: POPN | H197: 2258.543 | I197: 2276.073 | J197: 2295.477 | K197: 2316.926 | L197: 2340.638 | M197: 2366.653 | N197: 2395.131 | O197: 2426.409 | P197: 2460.458 | Q197: 2497.371 | R197: 2537.201 | S197: 2581.245 | T197: 2628.072 | U197: 2677.744 | V197: 2730.262 | W197: 2785.61 | X197: 2843.024 | Y197: 2902.97 | Z197: 2965.544 | AA197: 3030.901 | AB197: 3099.213 | AC197: 3170.32 | AD197: 3244.765 | AE197: 3322.227 | AF197: 3403.039 | AG197: 3487.775 | AH197: 3576.617 | AI197: 3669.787 | AJ197: 3766.822 | AK197: 3870.235 | AL197: 3980.267 | AM197: 4096.347 | AN197: 4216.845 | AO197: 4341.111 | AP197: 4470.678 | AQ197: 4605.347 | AR197: 4745.493 | AS197: 4891.48 | AT197: 5043.201 | AU197: 5200.113 | AV197: 5362.845 | AW197: 5531.019 | AX197: 5704.669 | AY197: 6040.743 | AZ197: 6152.269 | BA197: 6301.277 | BB197: 6482.438 | BC197: 6684.293 | BD197: 6894.684 | BE197: 7110.952 | BF197: 7332.286 | BG197: 7558.906 | BH197: 7791.947 | BI197: 8034.193 | BJ197: 8283.995 | BK197: 8568.292 | BL197: 8818.192 | BM197: 9089.746 | BN197: 9367.186 | BO197: 9651.66 | BP197: 9943.308 | BQ197: 10243.939 | BR197: 10551.375 | BS197: 10866.292 | BT197: 11193.715 | BU197: 11527.647 | BV197: 11868.036 | BW197: 12211.524 | BX197: 12555.171 | BY197: 12898.339 | BZ197: 13241.999 | CA197: 13584.835 | CB197: 13934.166 | CC197: 14287.903 | CD197: 14637.545 | CE197: 14991.374 | CF197: 15349.465 | CG197: 15709.362 | CH197: 16071.198 | CI197: 16436.642 | CJ197: 16801.002 | CK197: 17170.859 | CL197: 17543.268 | CM197: 17919.607 | CN197: 18300.218 | CO197: 18685.045 | CP197: 19071.045 | CQ197: 19457.954 | CR197: 19852.596 | CS197: 20247.342 | CT197: 20644.177 | CU197: 21042.351 | CV197: 21443.611 | CW197: 21843.663 | CX197: 22241.479 | CY197: 22645.813 | CZ197: 23046.579 | DA197: 23443.698 | DB197: 23840.683 | DC197: 24236.532 | DD197: 24631.087 | DE197: 25024.602 | DF197: 25417.106 | DG197: 25803.583 | DH197: 26192.745 | DI197: 26579.505 | DJ197: 26957.202 | DK197: 27336.715 | DL197: 27711.464 | DM197: 28086.68 | DN197: 28458.839 | DO197: 28827.565 | DP197: 29196.249 | DQ197: 29562.446 | DR197: 29929.706 | DS197: 30293.272 | DT197: 30649.533 | DU197: 31002.446 | DV197: 31352.519 | DW197: 31704.892 | DX197: 32053.674 | DY197: 32394.445 | DZ197: 32735.007 | EA197: 33066.216 | EB197: 33392.044 | EC197: 33704.836 | ED197: 34015.833 | EE197: 34322.699 | EF197: 34623.891 | EG197: 34918.74 | EH197: 35207.308 | EI197: 35490.513 | EJ197: 35774.179 | EK197: 36046.989 | EL197: 36309.104 | EM197: 36568.855 | EN197: 36818.861 | EO197: 37066.604 | EP197: 37307.255 | EQ197: 37541.023 | ER197: 37762.924 | ES197: 37979.52 | ET197: 38192.701 | EU197: 38397.556 | EV197: 38603.097 | EW197: 38798.259 | EX197: 38987.211 | EY197: 39162.406 | EZ197: 39337.336 | FA197: 39506.383
... A362: Global | B362: Global | C362: =VLOOKUP(B362,CountryCodes!$B$4:$C$179,2,FALSE) -> #N/A | E362: Population | F362: POPN | H362: 2508739.8 | I362: 2552997.3 | J362: 2602913.8 | K362: 2652893.7 | L362: 2706344.3 | M362: 2761381.4 | N362: 2816583.4 | O362: 2875640.8 | P362: 2933684.7 | Q362: 2984873.2 | R362: 3032523.6 | S362: 3083424.1 | T362: 3149268.3 | U362: 3222024 | V362: 3292287.7 | W362: 3361793.2 | X362: 3431074.9 | Y362: 3500324.2 | Z362: 3574437.8 | AA362: 3648758.6 | AB362: 3724593.7 | AC362: 3798798.6 | AD362: 3874411.8 | AE362: 3950302.5 | AF362: 4025368.3 | AG362: 4098622.3 | AH362: 4172054.6 | AI362: 4245491.2 | AJ362: 4320152.8 | AK362: 4397995.7 | AL362: 4477903.2 | AM362: 4559964.5 | AN362: 4645322.5 | AO362: 4728882.8 | AP362: 4814604.4 | AQ362: 4902030.1 | AR362: 4992495.7 | AS362: 5084913.7 | AT362: 5176509 | AU362: 5269378 | AV362: 5362827.6 | AW362: 5450791.7 | AX362: 5536869.3 | AY362: 5621437.9 | AZ362: 5704422.8 | BA362: 5787630.2 | BB362: 5870300.2 | BC362: 5952615.7 | BD362: 6034696.2 | BE362: 6116534.7 | BF362: 6199868.9 | BG362: 6282641 | BH362: 6365131.4 | BI362: 6447609.6 | BJ362: 6530873 | BK362: 6614505.3 | BL362: 6699545.1 | BM362: 6785922 | BN362: 6873551.7 | BO362: 6962255.6 | BP362: 7051210.7 | BQ362: 7140354.4 | BR362: 7231465.8 | BS362: 7321245.7 | BT362: 7410862.9 | BU362: 7498800.6 | BV362: 7586771.1 | BW362: 7672783.8 | BX362: 7755150.1 | BY362: 7835257.3 | BZ362: 7906265.4 | CA362: 7969865.3 | CB362: 8039894.1 | CC362: 8110224 | CD362: 8180113.6 | CE362: 8249249.8 | CF362: 8317979.6 | CG362: 8385811.9 | CH362: 8452763 | CI362: 8518879 | CJ362: 8584177.7 | CK362: 8648603.1 | CL362: 8712132.5 | CM362: 8774773.1 | CN362: 8836534.5 | CO362: 8897354 | CP362: 8957218.6 | CQ362: 9016022.3 | CR362: 9073800.7 | CS362: 9130472.8 | CT362: 9186061.4 | CU362: 9240397.8 | CV362: 9293464.9 | CW362: 9345250.4 | CX362: 9395646.4 | CY362: 9444544 | CZ362: 9491919 | DA362: 9537641.7 | DB362: 9581692 | DC362: 9624016.2 | DD362: 9664602.2 | DE362: 9703453.1 | DF362: 9740565 | DG362: 9775978.1 | DH362: 9809674.4 | DI362: 9841792.6 | DJ362: 9872404.2 | DK362: 9901550.9 | DL362: 9929309.9 | DM362: 9955753.6 | DN362: 9980954.3 | DO362: 10004975 | DP362: 10027915 | DQ362: 10049807 | DR362: 10070688 | DS362: 10090571 | DT362: 10109500 | DU362: 10127434 | DV362: 10144372 | DW362: 10160284 | DX362: 10175181 | DY362: 10189053 | DZ362: 10201827 | EA362: 10213509 | EB362: 10224059 | EC362: 10233451 | ED362: 10241690 | EE362: 10248767 | EF362: 10254650 | EG362: 10259377 | EH362: 10262983 | EI362: 10265495 | EJ362: 10267027 | EK362: 10267549 | EL362: 10267140 | EM362: 10265815 | EN362: 10263632 | EO362: 10260615 | EP362: 10256815 | EQ362: 10252244 | ER362: 10246915 | ES362: 10240843 | ET362: 10234017 | EU362: 10226410 | EV362: 10218038 | EW362: 10208866 | EX362: 10198956 | EY362: 10188289 | EZ362: 10176867 | FA362: 10164724
A363: Afghanistan | B363: AFG | C363: =VLOOKUP(B363,CountryCodes!$B$4:$C$179,2,FALSE) -> ASC | D363: Total | E363: End-use steel consumption per capita [t/person] | G363: t/person | H363: 0.41795932 | I363: 0.43126291 | J363: 0.46872665 | K363: 0.50409047 | L363: 0.56128244 | M363: 0.59315751 | N363: 0.64809785 | O363: 0.61207744 | P363: 0.68993887 | Q363: 0.78085862 | R363: 0.80431905 | S363: 0.8292966 | T363: 1.4554206 | U363: 1.3428841 | V363: 1.8263687 | W363: 1.3624819 | X363: 1.2109625 | Y363: 1.2017666 | Z363: 1.1585368 | AA363: 1.2179017 | AB363: 1.8764251 | AC363: 1.6882817 | AD363: 1.14652 | AE363: 1.2688256 | AF363: 1.639536 | AG363: 2.2909071 | AH363: 4.2863284 | AI363: 3.2863187 | AJ363: 2.3069208 | AK363: 1.4905232 | AL363: 1.4236542 | AM363: 1.9870832 | AN363: 2.1782069 | AO363: 3.0297991 | AP363: 2.0523635 | AQ363: 1.9487341 | AR363: 2.1876446 | AS363: 1.5687666 | AT363: 0.73389351 | AU363: 0.98749478 | AV363: 1.046017 | AW363: 1.0001771 | AX363: 1.2806426 | AY363: 0.85450221 | AZ363: 0.58200448 | BA363: 2.0786714 | BB363: 2.2004426 | BC363: 18.778646 | BD363: 19.864353 | BE363: 0.90727143 | BF363: 1.8867305 | BG363: 5.9353234 | BH363: 10.631185 | BI363: 16.70822 | BJ363: 24.055205 | BK363: 17.064687 | BL363: 16.370654 | BM363: 16.771315 | BN363: 16.096463 | BO363: 23.195814 | BP363: 30.845827 | BQ363: 21.11944 | BR363: 22.776583 | BS363: 21.31988 | BT363: 17.362452 | BU363: 22.544199 | BV363: 20.786161 | BW363: 22.464795 | BX363: 23.837236 | BY363: 25.301935 | BZ363: 27.221743 | CA363: 23.056751 | CB363: 24.167157 | CC363: 30.280579 | CD363: 31.738833 | CE363: 32.859441 | CF363: 34.39366 | CG363: 35.574009 | CH363: 37.040695 | CI363: 39.163758 | CJ363: 41.125155 | CK363: 42.818164 | CL363: 44.445329 | CM363: 46.476234 | CN363: 47.763215 | CO363: 49.888532 | CP363: 52.33881 | CQ363: 54.728738 | CR363: 56.892143 | CS363: 60.309654 | CT363: 63.365291 | CU363: 65.435582 | CV363: 67.382133 | CW363: 71.279454 | CX363: 73.977958 | CY363: 77.536246 | CZ363: 82.087297 | DA363: 84.846547 | DB363: 88.954112 | DC363: 94.068575 | DD363: 95.683472 | DE363: 99.081992 | DF363: 105.20899 | DG363: 109.85521 | DH363: 114.47778 | DI363: 119.23615 | DJ363: 124.5358 | DK363: 129.14318 | DL363: 132.83236 | DM363: 135.92687 | DN363: 141.56262 | DO363: 145.36518 | DP363: 152.7914 | DQ363: 157.45903 | DR363: 163.60221 | DS363: 168.34489 | DT363: 169.53844 | DU363: 173.78091 | DV363: 180.72445 | DW363: 183.21979 | DX363: 189.57553 | DY363: 188.89557 | DZ363: 193.84021 | EA363: 199.51404 | EB363: 199.34848 | EC363: 198.63129 | ED363: 203.00577 | EE363: 206.58273 | EF363: 205.77521 | EG363: 214.03307 | EH363: 211.95949 | EI363: 208.32426 | EJ363: 209.71783 | EK363: 210.2752 | EL363: 217.27352 | EM363: 214.53969 | EN363: 210.37977 | EO363: 216.63008 | EP363: 214.1863 | EQ363: 214.34394 | ER363: 218.72728 | ES363: 214.33736 | ET363: 214.31872 | EU363: 214.58664 | EV363: 213.52379 | EW363: 212.03623 | EX363: 211.66659 | EY363: 212.58452 | EZ363: 212.21262 | FA363: 212.07396
A364: Angola | B364: AGO | C364: =VLOOKUP(B364,CountryCodes!$B$4:$C$179,2,FALSE) -> AFZ | D364: Total | E364: End-use steel consumption per capita [t/person] | G364: t/person | H364: 4.1538173 | I364: 4.3155652 | J364: 4.7158 | K364: 5.0989452 | L364: 5.7072519 | M364: 6.064121 | N364: 6.6574608 | O364: 6.3190715 | P364: 7.1213136 | Q364: 8.1075381 | R364: 8.4048683 | S364: 8.9567112 | T364: 7.2055863 | U364: 8.8609443 | V364: 11.400881 | W364: 16.543001 | X364: 24.453209 | Y364: 27.580024 | Z364: 24.874909 | AA364: 24.372555 | AB364: 33.12391 | AC364: 29.149958 | AD364: 26.632771 | AE364: 26.642614 | AF364: 8.2823515 | AG364: 3.5939999 | AH364: 8.4711161 | AI364: 7.6792457 | AJ364: 11.78559 | AK364: 14.052074 | AL364: 17.607511 | AM364: 11.618168 | AN364: 9.2359205 | AO364: 11.337341 | AP364: 10.082038 | AQ364: 12.862895 | AR364: 9.1102882 | AS364: 11.667781 | AT364: 9.876251 | AU364: 7.8699884 | AV364: 12.319445 | AW364: 10.684521 | AX364: 7.4510563 | AY364: 5.6824045 | AZ364: 5.442264 | BA364: 7.5897625 | BB364: 9.5555626 | BC364: 10.936126 | BD364: 9.0770044 | BE364: 7.244089 | BF364: 12.105884 | BG364: 14.109282 | BH364: 17.430866 | BI364: 20.940375 | BJ364: 28.054003 | BK364: 42.650787 | BL364: 48.971764 | BM364: 80.602849 | BN364: 75.716774 | BO364: 43.88287 | BP364: 54.097816 | BQ364: 70.950406 | BR364: 90.409252 | BS364: 102.58569 | BT364: 66.91162 | BU364: 23.609714 | BV364: 29.859163 | BW364: 27.272532 | BX364: 24.410353 | BY364: 14.367943 | BZ364: 13.830951 | CA364: 16.047612 | CB364: 11.965638 | CC364: 66.709126 | CD364: 68.018981 | CE364: 69.352016 | CF364: 70.886286 | CG364: 72.366653 | CH364: 74.127663 | CI364: 75.978645 | CJ364: 77.970439 | CK364: 79.92566 | CL364: 81.645275 | CM364: 83.758634 | CN364: 86.01167 | CO364: 88.578632 | CP364: 91.678525 | CQ364: 94.612639 | CR364: 98.114241 | CS364: 101.20489 | CT364: 104.41911 | CU364: 107.37522 | CV364: 110.63518 | CW364: 114.08647 | CX364: 117.36579 | CY364: 120.72131 | CZ364: 124.88259 | DA364: 128.40751 | DB364: 132.39778 | DC364: 136.45086 | DD364: 140.22425 | DE364: 143.96268 | DF364: 148.29621 | DG364: 152.12204 | DH364: 156.23694 | DI364: 160.24715 | DJ364: 163.85015 | DK364: 168.36007 | DL364: 172.19358 | DM364: 176.18023 | DN364: 180.22431 | DO364: 184.65138 | DP364: 188.02029 | DQ364: 192.45406 | DR364: 196.16485 | DS364: 199.8485 | DT364: 203.54137 | DU364: 207.09425 | DV364: 210.7064 | DW364: 214.27117 | DX364: 217.33436 | DY364: 220.20214 | DZ364: 222.99984 | EA364: 226.0263 | EB364: 228.03976 | EC364: 229.23279 | ED364: 231.19696 | EE364: 233.75294 | EF364: 235.3998 | EG364: 235.64712 | EH364: 238.35686 | EI364: 237.66534 | EJ364: 238.06598 | EK364: 238.19729 | EL364: 239.27756 | EM364: 239.33982 | EN364: 239.10583 | EO364: 237.52288 | EP364: 238.30522 | EQ364: 237.63643 | ER364: 236.06759 | ES364: 234.43453 | ET364: 232.3552 | EU364: 230.95952 | EV364: 229.89624 | EW364: 228.17833 | EX364: 226.00937 | EY364: 224.19709 | EZ364: 223.31484 | FA364: 220.6529
A365: Albania | B365: ALB | C365: =VLOOKUP(B365,CountryCodes!$B$4:$C$179,2,FALSE) -> ENE | D365: Total | E365: End-use steel consumption per capita [t/person] | G365: t/person | H365: 0.59108954 | I365: 0.60974605 | J365: 0.67048728 | K365: 0.72531486 | L365: 0.81774278 | M365: 0.86640193 | N365: 0.95408287 | O365: 0.88311803 | P365: 1.0013058 | Q365: 1.1408739 | R365: 1.1691638 | S365: 1.1696246 | T365: 3.9117939 | U365: 3.7982231 | V365: 23.96478 | W365: 21.692592 | X365: 27.977343 | Y365: 25.117931 | Z365: 30.803423 | AA365: 31.679113 | AB365: 31.136263 | AC365: 30.426142 | AD365: 34.353544 | AE365: 33.240509 | AF365: 32.197527 | AG365: 29.14243 | AH365: 34.639321 | AI365: 27.965098 | AJ365: 31.101521 | AK365: 59.387227 | AL365: 49.560854 | AM365: 62.090875 | AN365: 59.05039 | AO365: 66.321284 | AP365: 66.870692 | AQ365: 58.830608 | AR365: 44.821562 | AS365: 64.829805 | AT365: 69.782586 | AU365: 51.818247 | AV365: 17.402286 | AW365: 14.967807 | AX365: 22.945558 | AY365: 27.408585 | AZ365: 32.263046 | BA365: 38.170004 | BB365: 34.783737 | BC365: 40.453878 | BD365: 49.430876 | BE365: 63.791096 | BF365: 110.3715 | BG365: 119.83322 | BH365: 128.92204 | BI365: 132.31069 | BJ365: 158.98115 | BK365: 184.66768 | BL365: 206.14275 | BM365: 148.67824 | BN365: 156.22263 | BO365: 167.72224 | BP365: 182.88972 | BQ365: 194.38333 | BR365: 192.99209 | BS365: 164.55273 | BT365: 111.37822 | BU365: 126.78505 | BV365: 85.177143 | BW365: 79.056951 | BX365: 103.74104 | BY365: 105.9689 | BZ365: 117.94658 | CA365: 142.92939 | CB365: 148.14033 | CC365: 304.21962 | CD365: 325.27825 | CE365: 344.98244 | CF365: 366.46199 | CG365: 387.7251 | CH365: 405.06239 | CI365: 420.91704 | CJ365: 431.93071 | CK365: 441.11523 | CL365: 443.4213 | CM365: 437.72111 | CN365: 426.16784 | CO365: 410.75567 | CP365: 385.1687 | CQ365: 355.23524 | CR365: 322.00161 | CS365: 282.01215 | CT365: 247.21582 | CU365: 210.14388 | CV365: 177.75054 | CW365: 146.41626 | CX365: 121.29481 | CY365: 95.366465 | CZ365: 80.359208 | DA365: 80.638458 | DB365: 80.286852 | DC365: 80.485817 | DD365: 80.829498 | DE365: 81.672002 | DF365: 81.079595 | DG365: 80.690883 | DH365: 80.287593 | DI365: 79.839077 | DJ365: 79.716998 | DK365: 79.117998 | DL365: 79.267624 | DM365: 79.110838 | DN365: 79.545142 | DO365: 80.303844 | DP365: 80.758892 | DQ365: 80.925047 | DR365: 81.215409 | DS365: 80.955277 | DT365: 80.910565 | DU365: 79.077618 | DV365: 77.654357 | DW365: 75.84706 | DX365: 73.534306 | DY365: 70.972717 | DZ365: 68.590264 | EA365: 66.555712 | EB365: 63.631145 | EC365: 62.352952 | ED365: 61.365367 | EE365: 59.718513 | EF365: 59.245971 | EG365: 58.751002 | EH365: 57.713423 | EI365: 57.441997 | EJ365: 56.974278 | EK365: 56.92207 | EL365: 57.101541 | EM365: 59.245122 | EN365: 67.114116 | EO365: 76.211809 | EP365: 82.658147 | EQ365: 91.468568 | ER365: 100.86323 | ES365: 109.9865 | ET365: 118.95449 | EU365: 128.16891 | EV365: 137.07038 | EW365: 145.72126 | EX365: 153.26088 | EY365: 160.42882 | EZ365: 166.90095 | FA365: 173.09532
A366: United Arab Emirates | B366: ARE | C366: =VLOOKUP(B366,CountryCodes!$B$4:$C$179,2,FALSE) -> MEA | D366: Total | E366: End-use steel consumption per capita [t/person] | G366: t/person | H366: 0 | I366: 0 | J366: 0 | K366: 0 | L366: 0 | M366: 0 | N366: 0 | O366: 0 | P366: 0 | Q366: 0 | R366: 0 | S366: 0 | T366: 0 | U366: 0 | V366: 0 | W366: 0 | X366: 0 | Y366: 0 | Z366: 0 | AA366: 156.94933 | AB366: 131.89866 | AC366: 479.04658 | AD366: 750.96198 | AE366: 930.94446 | AF366: 1136.0683 | AG366: 1936.4833 | AH366: 1565.7121 | AI366: 1082.198 | AJ366: 1193.0202 | AK366: 1098.3382 | AL366: 1099.9801 | AM366: 1067.4716 | AN366: 746.00571 | AO366: 467.08719 | AP366: 424.35667 | AQ366: 349.76725 | AR366: 305.40389 | AS366: 304.60002 | AT366: 450.69302 | AU366: 475.33474 | AV366: 517.0283 | AW366: 584.75693 | AX366: 564.08897 | AY366: 862.93718 | AZ366: 766.23845 | BA366: 845.33505 | BB366: 604.08165 | BC366: 1200.7147 | BD366: 851.54551 | BE366: 776.0912 | BF366: 795.39306 | BG366: 936.07524 | BH366: 1034.2534 | BI366: 1042.6431 | BJ366: 1129.1609 | BK366: 1764.0051 | BL366: 1867.3821 | BM366: 2231.335 | BN366: 1014.0337 | BO366: 607.81143 | BP366: 566.63996 | BQ366: 864.81581 | BR366: 855.14938 | BS366: 883.70745 | BT366: 885.06454 | BU366: 833.11031 | BV366: 1061.3229 | BW366: 1000.9532 | BX366: 997.59502 | BY366: 677.48839 | BZ366: 534.85948 | CA366: 603.2388 | CB366: 674.38766 | CC366: 749.7464 | CD366: 732.07663 | CE366: 603.48106 | CF366: 525.611 | CG366: 485.49652 | CH366: 464.28115 | CI366: 466.63957 | CJ366: 483.12893 | CK366: 505.92454 | CL366: 518.88987 | CM366: 520.58752 | CN366: 514.40754 | CO366: 505.85676 | CP366: 500.53501 | CQ366: 499.81571 | CR366: 503.02403 | CS366: 506.52544 | CT366: 509.12213 | CU366: 510.06191 | CV366: 510.03591 | CW366: 510.26252 | CX366: 511.40818 | CY366: 512.82917 | CZ366: 516.01216 | DA366: 519.31107 | DB366: 518.97401 | DC366: 518.22166 | DD366: 516.74868 | DE366: 516.71174 | DF366: 518.74766 | DG366: 522.37983 | DH366: 526.99753 | DI366: 530.42976 | DJ366: 534.09611 | DK366: 537.86407 | DL366: 541.26958 | DM366: 544.15415 | DN366: 546.37911 | DO366: 549.56808 | DP366: 552.64454 | DQ366: 554.96458 | DR366: 557.14776 | DS366: 558.81802 | DT366: 560.46909 | DU366: 562.55861 | DV366: 564.3889 | DW366: 566.22669 | DX366: 567.17184 | DY366: 568.33529 | DZ366: 568.5184 | EA366: 568.98871 | EB366: 568.07111 | EC366: 567.43132 | ED366: 566.42801 | EE366: 565.16074 | EF366: 563.49839 | EG366: 561.92062 | EH366: 560.18092 | EI366: 558.56824 | EJ366: 556.81745 | EK366: 555.08743 | EL366: 553.09175 | EM366: 551.29782 | EN366: 549.78136 | EO366: 548.39897 | EP366: 546.85649 | EQ366: 545.47881 | ER366: 543.70108 | ES366: 542.31573 | ET366: 541.01873 | EU366: 539.8602 | EV366: 538.75937 | EW366: 537.70157 | EX366: 536.74179 | EY366: 535.73637 | EZ366: 534.97256 | FA366: 533.9294
A367: Argentina | B367: ARG | C367: =VLOOKUP(B367,CountryCodes!$B$4:$C$179,2,FALSE) -> LAM | D367: Total | E367: End-use steel consumption per capita [t/person] | G367: t/person | H367: 28.053722 | I367: 28.535513 | J367: 30.852607 | K367: 32.21493 | L367: 36.251654 | M367: 37.025174 | N367: 40.631766 | O367: 39.316219 | P367: 42.222226 | Q367: 53.510135 | R367: 63.8332 | S367: 68.438787 | T367: 44.409929 | U367: 64.10637 | V367: 89.640543 | W367: 63.598066 | X367: 60.232661 | Y367: 68.002089 | Z367: 102.62657 | AA367: 102.13841 | AB367: 104.51511 | AC367: 106.67883 | AD367: 104.91844 | AE367: 104.44326 | AF367: 113.93693 | AG367: 86.128108 | AH367: 103.20933 | AI367: 77.755071 | AJ367: 109.33203 | AK367: 100.06839 | AL367: 75.612593 | AM367: 76.317428 | AN367: 81.584108 | AO367: 74.749033 | AP367: 60.266791 | AQ367: 61.889403 | AR367: 80.501497 | AS367: 73.484585 | AT367: 44.715457 | AU367: 40.213894 | AV367: 49.696647 | AW367: 76.947243 | AX367: 73.621929 | AY367: 93.843307 | AZ367: 76.831385 | BA367: 88.54715 | BB367: 109.99048 | BC367: 109.68278 | BD367: 78.427376 | BE367: 74.376014 | BF367: 62.698894 | BG367: 40.435583 | BH367: 67.432781 | BI367: 91.271687 | BJ367: 96.034135 | BK367: 105.96741 | BL367: 110.50843 | BM367: 120.89087 | BN367: 66.377621 | BO367: 117.65173 | BP367: 130.42579 | BQ367: 111.18291 | BR367: 117.08188 | BS367: 113.1483 | BT367: 120.73464 | BU367: 98.794423 | BV367: 147.26022 | BW367: 140.98794 | BX367: 107.71617 | BY367: 79.683218 | BZ367: 111.2712 | CA367: 112.08908 | CB367: 109.70319 | CC367: 142.26173 | CD367: 146.36127 | CE367: 150.16374 | CF367: 154.24125 | CG367: 158.61167 | CH367: 163.11726 | CI367: 167.82882 | CJ367: 172.54763 | CK367: 177.18393 | CL367: 181.70409 | CM367: 186.35008 | CN367: 191.13804 | CO367: 196.06933 | CP367: 201.2244 | CQ367: 206.44852 | CR367: 211.5665 | CS367: 216.41076 | CT367: 221.16396 | CU367: 225.71826 | CV367: 230.22575 | CW367: 234.77096 | CX367: 239.26447 | CY367: 243.63597 | CZ367: 247.81636 | DA367: 251.88078 | DB367: 255.78529 | DC367: 259.60816 | DD367: 263.13734 | DE367: 266.31906 | DF367: 269.27881 | DG367: 271.90373 | DH367: 274.3838 | DI367: 276.43827 | DJ367: 278.19558 | DK367: 279.8185 | DL367: 281.25503 | DM367: 282.69401 | DN367: 283.75968 | DO367: 284.76483 | DP367: 285.58286 | DQ367: 286.19237 | DR367: 286.53052 | DS367: 286.59208 | DT367: 286.45021 | DU367: 285.89105 | DV367: 284.78353 | DW367: 283.44212 | DX367: 281.92632 | DY367: 279.96199 | DZ367: 277.94355 | EA367: 275.44183 | EB367: 272.59377 | EC367: 269.90191 | ED367: 266.80181 | EE367: 263.80499 | EF367: 260.28552 | EG367: 256.98147 | EH367: 253.58036 | EI367: 250.21651 | EJ367: 246.80837 | EK367: 243.59321 | EL367: 240.64966 | EM367: 237.72207 | EN367: 235.23124 | EO367: 232.98523 | EP367: 230.89337 | EQ367: 228.92572 | ER367: 227.18102 | ES367: 225.91278 | ET367: 224.8814 | EU367: 224.2323 | EV367: 224.02465 | EW367: 223.80144 | EX367: 223.99828 | EY367: 224.50843 | EZ367: 225.22734 | FA367: 226.11942
A368: Armenia | B368: ARM | C368: =VLOOKUP(B368,CountryCodes!$B$4:$C$179,2,FALSE) -> ASC | D368: Total | E368: End-use steel consumption per capita [t/person] | G368: t/person | H368: 0.043703447 | I368: 0.044543993 | J368: 0.047331023 | K368: 0.049838488 | L368: 0.054047607 | M368: 0.056184461 | N368: 0.059977857 | O368: 0.056634596 | P368: 0.061680283 | Q368: 0.067748495 | R368: 0.069030898 | S368: 0.071829733 | T368: 0.098375433 | U368: 0.084553566 | V368: 0.063985817 | W368: 0.043195594 | X368: 0.28625363 | Y368: 0.22285193 | Z368: 0.18982278 | AA368: 0.10882678 | AB368: 0.075056467 | AC368: 0.073939315 | AD368: 0.10478926 | AE368: 0.15385656 | AF368: 0.19435963 | AG368: 0.26630324 | AH368: 0.20753193 | AI368: 0.21742237 | AJ368: 0.21814605 | AK368: 0.20429267 | AL368: 0.2335449 | AM368: 0.28213265 | AN368: 0.3320724 | AO368: 0.30957959 | AP368: 0.31018557 | AQ368: 0.30296866 | AR368: 0.25794353 | AS368: 0.24688672 | AT368: 0.2624016 | AU368: 0.19704655 | AV368: 0.20552344 | AW368: 0.13921519 | AX368: 0.6623572 | AY368: 0.18383844 | AZ368: 0.2261074 | BA368: 0.81791552 | BB368: 0.80236202 | BC368: 0.17523226 | BD368: 9.9521548 | BE368: 3.5873302 | BF368: 7.0732412 | BG368: 14.629763 | BH368: 24.195932 | BI368: 19.670164 | BJ368: 27.075057 | BK368: 45.236114 | BL368: 53.147886 | BM368: 66.500007 | BN368: 52.28535 | BO368: 64.081223 | BP368: 52.104369 | BQ368: 50.561081 | BR368: 54.579326 | BS368: 64.063379 | BT368: 69.81223 | BU368: 63.354661 | BV368: 66.493272 | BW368: 72.878391 | BX368: 80.570734 | BY368: 88.463851 | BZ368: 93.476731 | CA368: 101.88125 | CB368: 137.64667 | CC368: 165.90421 | CD368: 133.17027 | CE368: 145.06934 | CF368: 158.41106 | CG368: 173.21815 | CH368: 188.24475 | CI368: 203.92468 | CJ368: 220.78908 | CK368: 238.02621 | CL368: 256.71511 | CM368: 275.29018 | CN368: 294.93782 | CO368: 313.94492 | CP368: 333.65124 | CQ368: 352.29061 | CR368: 370.21229 | CS368: 384.74416 | CT368: 399.74195 | CU368: 412.93034 | CV368: 422.62325 | CW368: 430.93035 | CX368: 437.03702 | CY368: 438.40598 | CZ368: 436.69818 | DA368: 432.21014 | DB368: 425.39594 | DC368: 416.33158 | DD368: 405.69225 | DE368: 391.73633 | DF368: 376.869 | DG368: 366.5111 | DH368: 346.74062 | DI368: 333.41133 | DJ368: 316.63657 | DK368: 299.50223 | DL368: 287.07076 | DM368: 270.84218 | DN368: 258.09402 | DO368: 245.54082 | DP368: 236.23871 | DQ368: 223.78902 | DR368: 215.73752 | DS368: 216.50602 | DT368: 217.60074 | DU368: 218.68046 | DV368: 219.6267 | DW368: 221.09882 | DX368: 222.44652 | DY368: 223.78135 | DZ368: 224.95474 | EA368: 226.23594 | EB368: 227.99895 | EC368: 229.69119 | ED368: 231.85977 | EE368: 233.0113 | EF368: 234.16521 | EG368: 235.69275 | EH368: 236.73286 | EI368: 237.64479 | EJ368: 238.54024 | EK368: 239.79765 | EL368: 240.18534 | EM368: 240.50705 | EN368: 240.31741 | EO368: 248.43035 | EP368: 255.74974 | EQ368: 262.60787 | ER368: 268.7901 | ES368: 275.15728 | ET368: 282.37506 | EU368: 287.93832 | EV368: 294.16114 | EW368: 301.68359 | EX368: 307.95699 | EY368: 313.45145 | EZ368: 319.36126 | FA368: 325.68781
A369: Australia | B369: AUS | C369: =VLOOKUP(B369,CountryCodes!$B$4:$C$179,2,FALSE) -> ANZ | D369: Total | E369: End-use steel consumption per capita [t/person] | G369: t/person | H369: 108.13415 | I369: 121.30601 | J369: 156.77851 | K369: 163.3695 | L369: 156.22406 | M369: 163.56232 | N369: 213.14099 | O369: 219.52545 | P369: 233.72028 | Q369: 255.00194 | R369: 253.63442 | S369: 274.37996 | T369: 261.10113 | U369: 344.96524 | V369: 389.25169 | W369: 348.66289 | X369: 401.3258 | Y369: 428.62373 | Z369: 431.87934 | AA369: 445.97749 | AB369: 454.49349 | AC369: 373.77808 | AD369: 456.48674 | AE369: 480.45578 | AF369: 399.52607 | AG369: 381.66269 | AH369: 345.06414 | AI369: 352.37711 | AJ369: 414.25564 | AK369: 396.45228 | AL369: 417.92781 | AM369: 361.89856 | AN369: 289.99115 | AO369: 370.05656 | AP369: 358.37752 | AQ369: 350.73407 | AR369: 309.35778 | AS369: 355.9084 | AT369: 384.35952 | AU369: 291.98384 | AV369: 249.33105 | AW369: 248.14437 | AX369: 314.12278 | AY369: 332.46072 | AZ369: 316.28648 | BA369: 315.75827 | BB369: 352.03612 | BC369: 323.61177 | BD369: 296.90916 | BE369: 212.17882 | BF369: 222.1665 | BG369: 278.91394 | BH369: 326.35994 | BI369: 389.69862 | BJ369: 445.31045 | BK369: 432.57076 | BL369: 450.29163 | BM369: 459.83304 | BN369: 321.26325 | BO369: 436.67352 | BP369: 411.33424 | BQ369: 432.87033 | BR369: 386.19191 | BS369: 378.44637 | BT369: 384.98314 | BU369: 365.23523 | BV369: 425.52272 | BW369: 419.41609 | BX369: 414.86375 | BY369: 198.78458 | BZ369: 238.31214 | CA369: 235.41891 | CB369: 244.6354 | CC369: 446.03766 | CD369: 440.3524 | CE369: 425.5086 | CF369: 404.58076 | CG369: 386.44519 | CH369: 370.1648 | CI369: 356.64249 | CJ369: 351.27545 | CK369: 345.12523 | CL369: 336.60439 | CM369: 328.81683 | CN369: 322.205 | CO369: 319.67217 | CP369: 319.35763 | CQ369: 318.61615 | CR369: 324.26013 | CS369: 324.2944 | CT369: 327.53054 | CU369: 329.38605 | CV369: 330.49553 | CW369: 329.43664 | CX369: 330.15219 | CY369: 332.99861 | CZ369: 336.95595 | DA369: 333.20688 | DB369: 339.38912 | DC369: 335.6342 | DD369: 336.87911 | DE369: 337.37544 | DF369: 336.59976 | DG369: 337.76772 | DH369: 339.63372 | DI369: 340.25629 | DJ369: 338.0724 | DK369: 338.28968 | DL369: 341.193 | DM369: 337.38643 | DN369: 338.13314 | DO369: 340.79347 | DP369: 342.27148 | DQ369: 344.4769 | DR369: 341.72715 | DS369: 345.34932 | DT369: 349.60706 | DU369: 351.02366 | DV369: 352.28294 | DW369: 352.3268 | DX369: 350.9785 | DY369: 348.97296 | DZ369: 349.72613 | EA369: 351.03081 | EB369: 352.61035 | EC369: 352.38834 | ED369: 352.22225 | EE369: 354.56949 | EF369: 354.40897 | EG369: 354.46511 | EH369: 354.70555 | EI369: 358.32469 | EJ369: 356.24766 | EK369: 358.87091 | EL369: 355.12305 | EM369: 355.9006 | EN369: 358.25273 | EO369: 360.55955 | EP369: 364.3923 | EQ369: 361.72167 | ER369: 363.93864 | ES369: 364.01044 | ET369: 362.40636 | EU369: 361.38716 | EV369: 357.2459 | EW369: 359.11793 | EX369: 361.48443 | EY369: 362.74753 | EZ369: 358.29581 | FA369: 356.3107
A370: Austria | B370: AUT | C370: =VLOOKUP(B370,CountryCodes!$B$4:$C$179,2,FALSE) -> EUW | D370: Total | E370: End-use steel consumption per capita [t/person] | G370: t/person | H370: 33.173704 | I370: 43.67324 | J370: 59.056022 | K370: 95.963467 | L370: 110.7095 | M370: 139.30712 | N370: 185.46935 | O370: 168.61794 | P370: 176.78725 | Q370: 248.17416 | R370: 234.96009 | S370: 211.65403 | T370: 159.97159 | U370: 188.34202 | V370: 203.564 | W370: 203.23169 | X370: 183.5952 | Y370: 227.6534 | Z370: 249.22451 | AA370: 297.5239 | AB370: 280.34366 | AC370: 298.01166 | AD370: 338.6359 | AE370: 351.15761 | AF370: 230.75646 | AG370: 303.55936 | AH370: 292.44837 | AI370: 301.19825 | AJ370: 320.40439 | AK370: 312.26472 | AL370: 271.38327 | AM370: 224.36242 | AN370: 229.00664 | AO370: 228.25737 | AP370: 210.77609 | AQ370: 247.32396 | AR370: 222.34714 | AS370: 253.71038 | AT370: 291.27473 | AU370: 258.42661 | AV370: 294.17587 | AW370: 265.93113 | AX370: 243.36555 | AY370: 336.7209 | AZ370: 307.50159 | BA370: 168.91666 | BB370: 342.27767 | BC370: 261.35233 | BD370: 295.11533 | BE370: 344.704 | BF370: 326.33293 | BG370: 313.80633 | BH370: 298.84735 | BI370: 108.97119 | BJ370: 330.08125 | BK370: 351.62623 | BL370: 390.68835 | BM370: 345.21167 | BN370: 236.57275 | BO370: 258.4955 | BP370: 310.69161 | BQ370: 334.39407 | BR370: 327.10276 | BS370: 332.48433 | BT370: 322.74327 | BU370: 316.62148 | BV370: 493.3863 | BW370: 508.98187 | BX370: 493.2389 | BY370: 409.91028 | BZ370: 502.97164 | CA370: 456.23101 | CB370: 338.10915 | CC370: 168.98257 | CD370: 185.09801 | CE370: 196.88346 | CF370: 207.21659 | CG370: 216.21754 | CH370: 223.75422 | CI370: 226.68623 | CJ370: 233.26156 | CK370: 243.84366 | CL370: 251.92293 | CM370: 260.20243 | CN370: 258.67227 | CO370: 259.39445 | CP370: 257.62509 | CQ370: 251.84848 | CR370: 257.85006 | CS370: 256.13753 | CT370: 258.44042 | CU370: 261.60222 | CV370: 261.53904 | CW370: 263.26527 | CX370: 260.92049 | CY370: 262.8669 | CZ370: 261.50934 | DA370: 260.02425 | DB370: 258.24183 | DC370: 255.4709 | DD370: 255.96424 | DE370: 257.41808 | DF370: 256.22389 | DG370: 254.83803 | DH370: 257.62545 | DI370: 260.73221 | DJ370: 263.56049 | DK370: 262.22022 | DL370: 265.71685 | DM370: 267.40421 | DN370: 269.97019 | DO370: 271.97638 | DP370: 271.58404 | DQ370: 272.99364 | DR370: 277.46346 | DS370: 275.82992 | DT370: 278.16496 | DU370: 282.41708 | DV370: 285.77783 | DW370: 287.8015 | DX370: 293.17773 | DY370: 296.49581 | DZ370: 296.60289 | EA370: 300.826 | EB370: 300.78498 | EC370: 304.49767 | ED370: 304.25371 | EE370: 300.3551 | EF370: 301.9628 | EG370: 303.78406 | EH370: 305.74091 | EI370: 303.84699 | EJ370: 302.43502 | EK370: 301.88194 | EL370: 300.12967 | EM370: 301.81354 | EN370: 303.80179 | EO370: 305.09816 | EP370: 302.2868 | EQ370: 301.99934 | ER370: 304.85402 | ES370: 305.2597 | ET370: 307.58072 | EU370: 306.90189 | EV370: 308.18799 | EW370: 305.23506 | EX370: 305.22212 | EY370: 303.36906 | EZ370: 305.16148 | FA370: 304.3916
A371: Azerbaijan | B371: AZE | C371: =VLOOKUP(B371,CountryCodes!$B$4:$C$179,2,FALSE) -> ASC | D371: Total | E371: End-use steel consumption per capita [t/person] | G371: t/person | H371: 0.44980777 | I371: 0.46288173 | J371: 0.49414473 | K371: 0.5238282 | L371: 0.57058181 | M371: 0.59789 | N371: 0.64116075 | O371: 0.61335644 | P371: 0.66588393 | Q371: 0.73310448 | R371: 0.7523975 | S371: 0.78394555 | T371: 0.82538275 | U371: 0.49637014 | V371: 0.42005064 | W371: 0.30310339 | X371: 4.860516 | Y371: 3.8704725 | Z371: 2.6812961 | AA371: 1.1524007 | AB371: 0.95806911 | AC371: 1.1502031 | AD371: 1.6211135 | AE371: 2.3793716 | AF371: 2.3775448 | AG371: 3.1086959 | AH371: 2.3935866 | AI371: 2.7380306 | AJ371: 3.1007165 | AK371: 2.9716873 | AL371: 3.0226782 | AM371: 3.2612431 | AN371: 3.6919033 | AO371: 3.9978802 | AP371: 4.3910457 | AQ371: 4.1181149 | AR371: 4.1313322 | AS371: 3.6533221 | AT371: 3.364764 | AU371: 2.4326516 | AV371: 2.105464 | AW371: 1.8617805 | AX371: 3.6349076 | AY371: 1.9482112 | AZ371: 6.2850338 | BA371: 23.012363 | BB371: 22.080842 | BC371: 33.763704 | BD371: 23.339244 | BE371: 21.157752 | BF371: 27.359701 | BG371: 40.77263 | BH371: 72.864451 | BI371: 79.289437 | BJ371: 84.38576 | BK371: 101.03721 | BL371: 102.37909 | BM371: 122.45066 | BN371: 101.88278 | BO371: 104.85427 | BP371: 130.26336 | BQ371: 137.30651 | BR371: 146.46528 | BS371: 138.77565 | BT371: 137.60395 | BU371: 83.672108 | BV371: 58.440065 | BW371: 76.206106 | BX371: 86.120854 | BY371: 74.061658 | BZ371: 59.354982 | CA371: 58.485329 | CB371: 97.854887 | CC371: 213.05093 | CD371: 250.30098 | CE371: 264.236 | CF371: 278.37748 | CG371: 292.69744 | CH371: 307.76528 | CI371: 323.11018 | CJ371: 338.20204 | CK371: 353.0614 | CL371: 367.33696 | CM371: 380.88731 | CN371: 394.40942 | CO371: 407.73957 | CP371: 420.06277 | CQ371: 431.41254 | CR371: 440.37437 | CS371: 448.0846 | CT371: 452.40848 | CU371: 454.86309 | CV371: 455.23478 | CW371: 453.98527 | CX371: 450.308 | CY371: 446.60285 | CZ371: 439.47801 | DA371: 432.94313 | DB371: 424.03555 | DC371: 413.05696 | DD371: 404.01703 | DE371: 393.0715 | DF371: 382.31763 | DG371: 370.23911 | DH371: 359.34683 | DI371: 347.0873 | DJ371: 335.57161 | DK371: 324.4654 | DL371: 316.05883 | DM371: 306.26618 | DN371: 297.49095 | DO371: 290.11926 | DP371: 285.10534 | DQ371: 278.95141 | DR371: 273.5039 | DS371: 267.74708 | DT371: 264.15973 | DU371: 259.2643 | DV371: 255.96391 | DW371: 253.15199 | DX371: 248.94183 | DY371: 246.88517 | DZ371: 245.26401 | EA371: 243.5194 | EB371: 243.89306 | EC371: 242.43663 | ED371: 243.95059 | EE371: 244.12976 | EF371: 246.19514 | EG371: 246.74047 | EH371: 248.59635 | EI371: 251.36647 | EJ371: 254.65958 | EK371: 258.86606 | EL371: 261.78998 | EM371: 265.20894 | EN371: 269.69268 | EO371: 273.08599 | EP371: 277.70373 | EQ371: 281.5323 | ER371: 285.13637 | ES371: 289.82721 | ET371: 293.69643 | EU371: 297.31588 | EV371: 301.0101 | EW371: 304.36217 | EX371: 308.94391 | EY371: 312.01001 | EZ371: 315.07079 | FA371: 318.61736
A372: Burundi | B372: BDI | C372: =VLOOKUP(B372,CountryCodes!$B$4:$C$179,2,FALSE) -> AFE | D372: Total | E372: End-use steel consumption per capita [t/person] | G372: t/person | H372: 0.40329325 | I372: 0.41232713 | J372: 0.44407766 | K372: 0.47353167 | L372: 0.52294638 | M372: 0.54916204 | N372: 0.59649372 | O372: 0.56138151 | P372: 0.62940849 | Q372: 0.7097236 | R372: 0.7298492 | S372: 0.74588699 | T372: 1.3267527 | U372: 1.1599559 | V372: 2.1861591 | W372: 0.80185478 | X372: 1.0329313 | Y372: 1.5204075 | Z372: 0.97870744 | AA372: 1.2503414 | AB372: 1.1222103 | AC372: 1.2614211 | AD372: 1.1092048 | AE372: 1.5974781 | AF372: 0.99795981 | AG372: 1.5921406 | AH372: 2.1834979 | AI372: 2.529815 | AJ372: 2.6008747 | AK372: 2.3257631 | AL372: 2.9113847 | AM372: 4.3623629 | AN372: 2.8559395 | AO372: 4.4304819 | AP372: 2.9068875 | AQ372: 3.3062467 | AR372: 3.5154664 | AS372: 2.4432301 | AT372: 2.2235376 | AU372: 3.5597708 | AV372: 2.3742833 | AW372: 2.6264805 | AX372: 2.8750768 | AY372: 2.5884584 | AZ372: 2.6669028 | BA372: 1.2494803 | BB372: 1.2977476 | BC372: 2.1575162 | BD372: 1.9499114 | BE372: 2.491831 | BF372: 1.8600376 | BG372: 2.0551546 | BH372: 2.0858397 | BI372: 2.6080185 | BJ372: 3.4590024 | BK372: 2.9886506 | BL372: 3.9703244 | BM372: 3.2922778 | BN372: 4.9553347 | BO372: 5.2859515 | BP372: 5.1371854 | BQ372: 4.6643671 | BR372: 3.9681195 | BS372: 3.4644215 | BT372: 2.9634617 | BU372: 4.0220212 | BV372: 4.184051 | BW372: 4.5145635 | BX372: 5.410105 | BY372: 5.2072713 | BZ372: 5.195986 | CA372: 5.2963466 | CB372: 5.5696506 | CC372: 5.7516642 | CD372: 5.7487586 | CE372: 5.8529978 | CF372: 6.0077951 | CG372: 6.2644121 | CH372: 6.5700115 | CI372: 6.6813253 | CJ372: 6.8936482 | CK372: 7.1901526 | CL372: 7.4297587 | CM372: 7.6869817 | CN372: 7.9348987 | CO372: 8.2351538 | CP372: 8.6478729 | CQ372: 8.9880149 | CR372: 9.2870359 | CS372: 9.6436966 | CT372: 9.9665226 | CU372: 10.275824 | CV372: 10.849586 | CW372: 11.169106 | CX372: 11.657227 | CY372: 12.055688 | CZ372: 12.27561 | DA372: 13.039799 | DB372: 13.456882 | DC372: 14.257087 | DD372: 14.574585 | DE372: 15.318096 | DF372: 16.08981 | DG372: 16.850948 | DH372: 17.687586 | DI372: 18.372809 | DJ372: 19.375005 | DK372: 20.180852 | DL372: 21.228096 | DM372: 22.44316 | DN372: 23.595824 | DO372: 24.908923 | DP372: 26.265174 | DQ372: 27.591022 | DR372: 29.264102 | DS372: 31.352721 | DT372: 32.852201 | DU372: 34.910932 | DV372: 36.727796 | DW372: 38.910196 | DX372: 41.405379 | DY372: 43.273653 | DZ372: 46.303004 | EA372: 49.229902 | EB372: 52.056714 | EC372: 55.657719 | ED372: 58.551444 | EE372: 62.994595 | EF372: 66.54661 | EG372: 70.740518 | EH372: 74.607082 | EI372: 80.39318 | EJ372: 85.203851 | EK372: 89.903706 | EL372: 96.150442 | EM372: 102.94384 | EN372: 108.57995 | EO372: 114.90976 | EP372: 123.03326 | EQ372: 130.68276 | ER372: 137.13994 | ES372: 145.09181 | ET372: 153.53747 | EU372: 162.00072 | EV372: 171.55329 | EW372: 178.27776 | EX372: 186.70916 | EY372: 195.408 | EZ372: 204.14051 | FA372: 210.78687
A373: Belgium | B373: BEL | C373: =VLOOKUP(B373,CountryCodes!$B$4:$C$179,2,FALSE) -> EUW | D373: Total | E373: End-use steel consumption per capita [t/person] | G373: t/person | H373: 347.83123 | I373: 320.72027 | J373: 218.21406 | K373: 257.45127 | L373: 333.79142 | M373: 367.19156 | N373: 324.82373 | O373: 303.75778 | P373: 302.5441 | Q373: 352.58948 | R373: 311.3929 | S373: 141.03742 | T373: 321.60624 | U373: 386.52275 | V373: 359.99146 | W373: 369.5654 | X373: 410.39253 | Y373: 448.85524 | Z373: 555.15842 | AA373: 543.44017 | AB373: 541.32781 | AC373: 566.39363 | AD373: 629.80819 | AE373: 667.20216 | AF373: 412.5587 | AG373: 511.16038 | AH373: 441.99522 | AI373: 467.63018 | AJ373: 493.23407 | AK373: 420.39958 | AL373: 364.91395 | AM373: 316.87471 | AN373: 316.17076 | AO373: 364.63452 | AP373: 294.48156 | AQ373: 283.09531 | AR373: 136.14082 | AS373: 311.64355 | AT373: 289.32296 | AU373: 296.04218 | AV373: 286.70307 | AW373: 251.18602 | AX373: 252.42077 | AY373: 302.45732 | AZ373: 314.41904 | BA373: 244.94262 | BB373: 304.93919 | BC373: 359.42297 | BD373: 274.54361 | BE373: 332.27685 | BF373: 210.47188 | BG373: 179.28693 | BH373: 261.57031 | BI373: 353.33421 | BJ373: 325.02411 | BK373: 371.07482 | BL373: 419.33998 | BM373: 302.22213 | BN373: 45.478452 | BO373: 118.64013 | BP373: 199.06763 | BQ373: 191.10236 | BR373: 45.908357 | BS373: 111.46287 | BT373: 158.56461 | BU373: 299.91649 | BV373: 220.62143 | BW373: 234.79123 | BX373: 255.43434 | BY373: 272.82948 | BZ373: 211.86441 | CA373: 206.81423 | CB373: 348.16129 | CC373: 211.20019 | CD373: 199.82382 | CE373: 195.01657 | CF373: 194.68233 | CG373: 198.60869 | CH373: 203.54631 | CI373: 208.18434 | CJ373: 210.34655 | CK373: 213.54616 | CL373: 217.40376 | CM373: 221.79979 | CN373: 222.67768 | CO373: 224.49873 | CP373: 226.4932 | CQ373: 229.65139 | CR373: 230.32736 | CS373: 230.59136 | CT373: 231.968 | CU373: 235.32693 | CV373: 235.47514 | CW373: 236.61441 | CX373: 238.00938 | CY373: 236.07273 | CZ373: 235.25996 | DA373: 233.49766 | DB373: 230.91198 | DC373: 228.4334 | DD373: 226.55365 | DE373: 222.86664 | DF373: 219.0382 | DG373: 216.91618 | DH373: 217.63307 | DI373: 216.95091 | DJ373: 215.18816 | DK373: 213.52641 | DL373: 219.16444 | DM373: 217.16018 | DN373: 217.5231 | DO373: 213.54186 | DP373: 215.72245 | DQ373: 215.59484 | DR373: 216.45718 | DS373: 217.62496 | DT373: 218.86466 | DU373: 220.25638 | DV373: 219.33709 | DW373: 220.66892 | DX373: 220.44017 | DY373: 224.20956 | DZ373: 224.04598 | EA373: 223.38918 | EB373: 223.09701 | EC373: 224.32052 | ED373: 224.34765 | EE373: 221.30038 | EF373: 217.97295 | EG373: 219.52415 | EH373: 217.064 | EI373: 219.5945 | EJ373: 214.96349 | EK373: 216.18144 | EL373: 214.48415 | EM373: 214.41382 | EN373: 212.55477 | EO373: 209.98863 | EP373: 209.69981 | EQ373: 210.60806 | ER373: 210.1266 | ES373: 209.67852 | ET373: 206.24022 | EU373: 206.89864 | EV373: 204.90066 | EW373: 205.58274 | EX373: 206.07588 | EY373: 204.56711 | EZ373: 200.96114 | FA373: 200.45451
A374: Benin | B374: BEN | C374: =VLOOKUP(B374,CountryCodes!$B$4:$C$179,2,FALSE) -> AFW | D374: Total | E374: End-use steel consumption per capita [t/person] | G374: t/person | H374: 1.4591028 | I374: 1.5158647 | J374: 1.6494911 | K374: 1.7770881 | L374: 1.9775914 | M374: 2.0977075 | N374: 2.2937407 | O374: 2.1862081 | P374: 2.4489428 | Q374: 2.7716878 | R374: 2.871285 | S374: 2.8783013 | T374: 5.5610719 | U374: 5.5094889 | V374: 4.0696193 | W374: 2.7113071 | X374: 3.8043056 | Y374: 3.6943626 | Z374: 5.554105 | AA374: 5.1971997 | AB374: 5.1267284 | AC374: 6.8524566 | AD374: 4.6791211 | AE374: 6.8487136 | AF374: 5.2906141 | AG374: 6.2593135 | AH374: 6.1134571 | AI374: 5.2041856 | AJ374: 9.2938956 | AK374: 7.6331135 | AL374: 9.8052676 | AM374: 9.7688992 | AN374: 3.7920538 | AO374: 3.9476393 | AP374: 3.8861691 | AQ374: 4.02577 | AR374: 3.5163573 | AS374: 2.9119442 | AT374: 5.1386698 | AU374: 2.6545911 | AV374: 4.6692174 | AW374: 8.2236401 | AX374: 8.8019683 | AY374: 7.9481443 | AZ374: 9.9511353 | BA374: 10.99761 | BB374: 12.598386 | BC374: 10.064656 | BD374: 12.568043 | BE374: 10.466789 | BF374: 13.323331 | BG374: 15.526737 | BH374: 16.888924 | BI374: 9.8132142 | BJ374: 13.411111 | BK374: 15.063772 | BL374: 24.570913 | BM374: 19.279108 | BN374: 24.113291 | BO374: 22.835888 | BP374: 25.725358 | BQ374: 22.987056 | BR374: 21.141478 | BS374: 22.952173 | BT374: 22.435095 | BU374: 19.920825 | BV374: 8.9315536 | BW374: 8.3527658 | BX374: 15.133207 | BY374: 13.567638 | BZ374: 17.444496 | CA374: 16.930644 | CB374: 43.777288 | CC374: 28.540362 | CD374: 29.208379 | CE374: 30.207477 | CF374: 31.266409 | CG374: 32.370393 | CH374: 33.600447 | CI374: 34.819302 | CJ374: 35.799859 | CK374: 37.021666 | CL374: 38.322084 | CM374: 39.869868 | CN374: 41.607439 | CO374: 43.460461 | CP374: 45.266581 | CQ374: 47.084742 | CR374: 49.168482 | CS374: 51.065308 | CT374: 53.145175 | CU374: 55.333036 | CV374: 57.721487 | CW374: 60.076954 | CX374: 62.512371 | CY374: 65.413998 | CZ374: 68.042449 | DA374: 70.804613 | DB374: 73.858344 | DC374: 77.011408 | DD374: 80.2946 | DE374: 83.723547 | DF374: 87.289391 | DG374: 90.751318 | DH374: 94.798779 | DI374: 98.75075 | DJ374: 102.51118 | DK374: 107.02811 | DL374: 111.34149 | DM374: 116.11648 | DN374: 120.8362 | DO374: 125.67566 | DP374: 130.86856 | DQ374: 136.03039 | DR374: 141.55257 | DS374: 146.84617 | DT374: 151.9552 | DU374: 157.42076 | DV374: 162.97803 | DW374: 168.99019 | DX374: 174.54372 | DY374: 179.7073 | DZ374: 185.5213 | EA374: 190.44858 | EB374: 195.65098 | EC374: 199.98727 | ED374: 205.28547 | EE374: 210.17945 | EF374: 214.70818 | EG374: 218.92815 | EH374: 222.88968 | EI374: 226.66834 | EJ374: 230.83881 | EK374: 233.31158 | EL374: 235.43436 | EM374: 238.24899 | EN374: 239.71763 | EO374: 241.79964 | EP374: 242.83416 | EQ374: 243.50047 | ER374: 243.05281 | ES374: 243.17566 | ET374: 243.22049 | EU374: 242.17552 | EV374: 242.19832 | EW374: 240.18339 | EX374: 238.54849 | EY374: 235.44413 | EZ374: 234.34228 | FA374: 232.14082
... A544: Global | B544: Global | C544: =VLOOKUP(B544,CountryCodes!$B$4:$C$179,2,FALSE) -> #N/A | D544: Products | E544: End-use steel consumption per capita [t/person] | G544: t/person | H544: 1.7139035 | I544: 1.377649 | J544: 1.776701 | K544: 1.3181352 | L544: 2.3433114 | M544: 2.3835093 | N544: 2.682402 | O544: 2.4871776 | P544: 3.4684958 | Q544: 4.2137397 | R544: 3.8554118 | S544: 3.9013303 | T544: 4.3123269 | U544: 5.1501945 | V544: 5.3453175 | W544: 5.5564351 | X544: 6.002144 | Y544: 6.2540283 | Z544: 7.216539 | AA544: 7.3038078 | AB544: 6.7549094 | AC544: 7.625008 | AD544: 8.5475416 | AE544: 8.3127455 | AF544: 7.3666559 | AG544: 8.2508975 | AH544: 7.7987082 | AI544: 8.4220011 | AJ544: 8.6744568 | AK544: 8.0543643 | AL544: 7.8412737 | AM544: 6.7606677 | AN544: 7.0949271 | AO544: 7.5879015 | AP544: 7.8208258 | AQ544: 7.5840331 | AR544: 7.3887802 | AS544: 7.4654521 | AT544: 6.958241 | AU544: 6.6669375 | AV544: 6.0114547 | AW544: 7.0513648 | AX544: 6.44157 | AY544: 6.8839262 | AZ544: 7.0130477 | BA544: 7.1123022 | BB544: 7.0283842 | BC544: 6.4041729 | BD544: 6.5576851 | BE544: 6.9473994 | BF544: 6.956738 | BG544: 7.4059356 | BH544: 7.8323232 | BI544: 8.3525844 | BJ544: 8.984887 | BK544: 9.7716337 | BL544: 10.353735 | BM544: 9.7546693 | BN544: 8.465264 | BO544: 11.313486 | BP544: 11.843649 | BQ544: 11.891387 | BR544: 12.099538 | BS544: 12.176801 | BT544: 11.38184 | BU544: 11.97553 | BV544: 17.064261 | BW544: 18.516825 | BX544: 19.516209 | BY544: 20.382306 | BZ544: 21.774658 | CA544: 21.260597 | CB544: 20.826658 | CC544: 21.040546 | CD544: 22.662526 | CE544: 23.945548 | CF544: 24.873187 | CG544: 25.290409 | CH544: 25.272711 | CI544: 25.119452 | CJ544: 25.177265 | CK544: 25.543639 | CL544: 26.084038 | CM544: 26.581189 | CN544: 26.908722 | CO544: 27.053289 | CP544: 27.12973 | CQ544: 27.268238 | CR544: 27.550589 | CS544: 27.959128 | CT544: 28.43017 | CU544: 28.888654 | CV544: 29.308098 | CW544: 29.701975 | CX544: 30.121317 | CY544: 30.596275 | CZ544: 31.138934 | DA544: 31.725116 | DB544: 32.32234 | DC544: 32.898834 | DD544: 33.457832 | DE544: 33.989131 | DF544: 34.506358 | DG544: 35.016661 | DH544: 35.499984 | DI544: 35.948945 | DJ544: 36.349213 | DK544: 36.696493 | DL544: 36.987599 | DM544: 37.235632 | DN544: 37.452377 | DO544: 37.641596 | DP544: 37.810687 | DQ544: 37.961522 | DR544: 38.084706 | DS544: 38.197597 | DT544: 38.308176 | DU544: 38.406803 | DV544: 38.511287 | DW544: 38.621417 | DX544: 38.736081 | DY544: 38.860794 | DZ544: 38.987601 | EA544: 39.126558 | EB544: 39.273999 | EC544: 39.432953 | ED544: 39.610546 | EE544: 39.796072 | EF544: 40.003298 | EG544: 40.223041 | EH544: 40.458161 | EI544: 40.712728 | EJ544: 40.982895 | EK544: 41.269528 | EL544: 41.574853 | EM544: 41.899373 | EN544: 42.239286 | EO544: 42.59619 | EP544: 42.96744 | EQ544: 43.345294 | ER544: 43.730846 | ES544: 44.129472 | ET544: 44.527273 | EU544: 44.923249 | EV544: 45.315335 | EW544: 45.709662 | EX544: 46.098436 | EY544: 46.483142 | EZ544: 46.859901 | FA544: 47.231899
A545: Afghanistan | B545: AFG | C545: =VLOOKUP(B545,CountryCodes!$B$4:$C$179,2,FALSE) -> ASC | D545: Total | E545: Total available scrap | F545: SCRAP | G545: kt | H545: 0 | I545: 0.47058399 | J545: 0.49371228 | K545: 0.54961376 | L545: 0.60406592 | M545: 0.69489765 | N545: 0.76356379 | O545: 0.87389241 | P545: 0.86091343 | Q545: 1.0146846 | R545: 1.1994891 | S545: 1.3005408 | T545: 1.4184229 | U545: 2.4840756 | V545: 2.425761 | W545: 3.3602478 | X545: 2.761663 | Y545: 2.7099028 | Z545: 2.9390566 | AA545: 3.1344449 | AB545: 3.510976 | AC545: 4.9641296 | AD545: 4.8087338 | AE545: 3.9916822 | AF545: 4.5364963 | AG545: 5.691672 | AH545: 7.5449448 | AI545: 12.2844 | AJ545: 10.438673 | AK545: 8.5576635 | AL545: 6.9784793 | AM545: 7.2100439 | AN545: 8.6140382 | AO545: 9.4645047 | AP545: 11.22845 | AQ545: 9.5846101 | AR545: 9.4985048 | AS545: 10.351466 | AT545: 9.927051 | AU545: 9.2501497 | AV545: 10.386669 | AW545: 10.688026 | AX545: 10.610098 | AY545: 11.295897 | AZ545: 10.301111 | BA545: 9.6483295 | BB545: 14.111951 | BC545: 14.81295 | BD545: 66.062644 | BE545: 70.840456 | BF545: 10.81273 | BG545: 14.161836 | BH545: 29.828717 | BI545: 52.897328 | BJ545: 81.7622 | BK545: 112.2025 | BL545: 86.516627 | BM545: 87.691716 | BN545: 95.038469 | BO545: 104.83605 | BP545: 150.34299 | BQ545: 196.29884 | BR545: 158.73948 | BS545: 175.42929 | BT545: 178.74661 | BU545: 174.87947 | BV545: 222.88778 | BW545: 225.50807 | BX545: 249.52393 | BY545: 270.66291 | BZ545: 293.28768 | CA545: 322.01983 | CB545: 312.33959 | CC545: 335.62652 | CD545: 393.22914 | CE545: 420.84586 | CF545: 444.69578 | CG545: 469.94437 | CH545: 492.79038 | CI545: 519.83551 | CJ545: 554.5094 | CK545: 589.76341 | CL545: 623.59014 | CM545: 657.12184 | CN545: 694.73984 | CO545: 727.41098 | CP545: 769.16329 | CQ545: 816.28057 | CR545: 865.19421 | CS545: 913.78512 | CT545: 975.97625 | CU545: 1037.3238 | CV545: 1091.3138 | CW545: 1145.785 | CX545: 1222.4434 | CY545: 1290.0762 | CZ545: 1369.1979 | DA545: 1461.9241 | DB545: 1538.1373 | DC545: 1631.5604 | DD545: 1740.3427 | DE545: 1812.8779 | DF545: 1907.5868 | DG545: 2038.0541 | DH545: 2156.3225 | DI545: 2278.6384 | DJ545: 2406.9309 | DK545: 2547.1268 | DL545: 2684.8605 | DM545: 2816.5518 | DN545: 2945.0764 | DO545: 3112.0056 | DP545: 3260.8664 | DQ545: 3465.0756 | DR545: 3640.0446 | DS545: 3842.864 | DT545: 4034.9824 | DU545: 4183.6922 | DV545: 4382.3009 | DW545: 4630.0572 | DX545: 4822.5002 | DY545: 5080.6833 | DZ545: 5241.3291 | EA545: 5494.6923 | EB545: 5773.0392 | EC545: 5973.2028 | ED545: 6172.7913 | EE545: 6462.7584 | EF545: 6753.7245 | EG545: 6986.0571 | EH545: 7379.409 | EI545: 7617.4219 | EJ545: 7838.5826 | EK545: 8155.6811 | EL545: 8473.4105 | EM545: 8918.265 | EN545: 9210.8837 | EO545: 9485.88 | EP545: 9955.1737 | EQ545: 10288.893 | ER545: 10683.947 | ES545: 11170.413 | ET545: 11510.142 | EU545: 11938.511 | EV545: 12383.45 | EW545: 12814.607 | EX545: 13247.722 | EY545: 13709.902 | EZ545: 14203.984 | FA545: 14680.651
A546: Angola | B546: AGO | C546: =VLOOKUP(B546,CountryCodes!$B$4:$C$179,2,FALSE) -> AFZ | D546: Total | E546: Total available scrap | F546: SCRAP | G546: kt | H546: 0 | I546: 2.743676 | J546: 2.8918132 | K546: 3.2280713 | L546: 3.5672348 | M546: 4.1351726 | N546: 4.6027883 | O546: 5.3340562 | P546: 5.3427696 | Q546: 6.3116812 | R546: 7.5016074 | S546: 8.1970324 | T546: 9.1448224 | U546: 8.1564494 | V546: 10.256248 | W546: 13.286094 | X546: 18.782473 | Y546: 26.877426 | Z546: 30.649349 | AA546: 29.156934 | AB546: 30.088233 | AC546: 40.787554 | AD546: 40.179875 | AE546: 41.248474 | AF546: 44.537685 | AG546: 27.620692 | AH546: 25.289794 | AI546: 34.186189 | AJ546: 36.720624 | AK546: 44.828691 | AL546: 49.598119 | AM546: 55.449561 | AN546: 48.545325 | AO546: 46.981021 | AP546: 52.372174 | AQ546: 52.693241 | AR546: 58.610776 | AS546: 52.441848 | AT546: 55.874038 | AU546: 52.114941 | AV546: 48.913762 | AW546: 58.963954 | AX546: 57.894987 | AY546: 53.027111 | AZ546: 50.080078 | BA546: 49.672559 | BB546: 54.787584 | BC546: 60.192456 | BD546: 64.548677 | BE546: 60.966843 | BF546: 57.356692 | BG546: 71.910542 | BH546: 79.937364 | BI546: 91.827359 | BJ546: 104.74925 | BK546: 129.51766 | BL546: 180.92729 | BM546: 208.11812 | BN546: 326.30843 | BO546: 320.62436 | BP546: 221.22065 | BQ546: 282.6261 | BR546: 377.56943 | BS546: 491.34982 | BT546: 573.5747 | BU546: 438.12915 | BV546: 265.74228 | BW546: 338.48463 | BX546: 396.45026 | BY546: 454.17335 | BZ546: 448.18366 | CA546: 459.75767 | CB546: 471.52496 | CC546: 449.49321 | CD546: 791.76591 | CE546: 819.18184 | CF546: 844.85109 | CG546: 869.31356 | CH546: 897.06739 | CI546: 937.7864 | CJ546: 983.25642 | CK546: 1023.5485 | CL546: 1058.1142 | CM546: 1093.9956 | CN546: 1144.8126 | CO546: 1213.5312 | CP546: 1300.8801 | CQ546: 1403.5356 | CR546: 1508.8753 | CS546: 1618.7791 | CT546: 1723.8197 | CU546: 1830.7794 | CV546: 1939.1929 | CW546: 2056.7763 | CX546: 2183.5076 | CY546: 2315.1902 | CZ546: 2453.2535 | DA546: 2605.2576 | DB546: 2756.0576 | DC546: 2917.663 | DD546: 3085.8072 | DE546: 3255.8227 | DF546: 3429.4404 | DG546: 3613.7877 | DH546: 3795.7579 | DI546: 3985.8463 | DJ546: 4180.7743 | DK546: 4378.0055 | DL546: 4596.3488 | DM546: 4815.9418 | DN546: 5047.6257 | DO546: 5289.8907 | DP546: 5547.0363 | DQ546: 5797.6676 | DR546: 6071.5896 | DS546: 6342.3836 | DT546: 6619.2866 | DU546: 6902.4714 | DV546: 7189.3846 | DW546: 7483.299 | DX546: 7783.0849 | DY546: 8081.7749 | DZ546: 8384.6129 | EA546: 8694.2852 | EB546: 9016.612 | EC546: 9330.5295 | ED546: 9638.1363 | EE546: 9967.1018 | EF546: 10315.574 | EG546: 10656.857 | EH546: 10980.249 | EI546: 11356.672 | EJ546: 11677.811 | EK546: 12025.989 | EL546: 12376.03 | EM546: 12751.386 | EN546: 13114.138 | EO546: 13477.126 | EP546: 13818.427 | EQ546: 14213.069 | ER546: 14585.617 | ES546: 14945.509 | ET546: 15308.629 | EU546: 15666.449 | EV546: 16043.081 | EW546: 16431.93 | EX546: 16811.465 | EY546: 17185.082 | EZ546: 17570.277 | FA546: 17980.718
A547: Albania | B547: ALB | C547: =VLOOKUP(B547,CountryCodes!$B$4:$C$179,2,FALSE) -> ENE | D547: Total | E547: Total available scrap | F547: SCRAP | G547: kt | H547: 0 | I547: 0.13620151 | J547: 0.1443457 | K547: 0.16437499 | L547: 0.18422858 | M547: 0.21733195 | N547: 0.24210468 | O547: 0.28181387 | P547: 0.27684402 | Q547: 0.33355037 | R547: 0.40495764 | S547: 0.44815716 | T547: 0.48565947 | U547: 1.5030635 | V547: 1.5378974 | W547: 9.1907462 | X547: 8.6132658 | Y547: 11.440319 | Z547: 10.73956 | AA547: 13.786853 | AB547: 15.140382 | AC547: 16.021113 | AD547: 16.836905 | AE547: 19.876644 | AF547: 20.879335 | AG547: 22.296342 | AH547: 23.081475 | AI547: 28.528185 | AJ547: 28.01837 | AK547: 32.688253 | AL547: 50.955378 | AM547: 48.553981 | AN547: 58.60194 | AO547: 59.926687 | AP547: 67.65985 | AQ547: 72.075394 | AR547: 71.368521 | AS547: 66.618657 | AT547: 83.283586 | AU547: 90.987965 | AV547: 83.609654 | AW547: 65.333637 | AX547: 68.57533 | AY547: 79.52767 | AZ547: 88.350107 | BA547: 96.082897 | BB547: 102.61396 | BC547: 102.24554 | BD547: 108.13207 | BE547: 116.49783 | BF547: 127.88763 | BG547: 158.38704 | BH547: 163.70035 | BI547: 167.83316 | BJ547: 168.89966 | BK547: 186.39091 | BL547: 205.72395 | BM547: 223.7362 | BN547: 194.18231 | BO547: 205.25738 | BP547: 219.58098 | BQ547: 237.91733 | BR547: 256.22243 | BS547: 266.16912 | BT547: 260.02854 | BU547: 240.80884 | BV547: 263.12289 | BW547: 247.2995 | BX547: 255.57139 | BY547: 276.95217 | BZ547: 284.20144 | CA547: 295.73893 | CB547: 311.59324 | CC547: 318.4819 | CD547: 390.96747 | CE547: 398.78744 | CF547: 402.94467 | CG547: 405.40445 | CH547: 406.30004 | CI547: 405.10591 | CJ547: 403.75351 | CK547: 401.37312 | CL547: 400.27878 | CM547: 398.97516 | CN547: 397.04395 | CO547: 394.74501 | CP547: 391.79686 | CQ547: 384.45118 | CR547: 374.20577 | CS547: 361.08895 | CT547: 343.86854 | CU547: 327.55156 | CV547: 309.88906 | CW547: 294.04461 | CX547: 279.16849 | CY547: 267.43814 | CZ547: 256.49429 | DA547: 250.15864 | DB547: 249.40286 | DC547: 248.81859 | DD547: 248.6438 | DE547: 248.36125 | DF547: 247.95288 | DG547: 246.42684 | DH547: 244.67094 | DI547: 242.77702 | DJ547: 240.97696 | DK547: 239.6698 | DL547: 238.62773 | DM547: 238.46685 | DN547: 238.66257 | DO547: 239.4902 | DP547: 240.64077 | DQ547: 241.62515 | DR547: 242.25808 | DS547: 242.57986 | DT547: 242.2429 | DU547: 241.59656 | DV547: 239.90789 | DW547: 238.25121 | DX547: 236.51064 | DY547: 234.85671 | DZ547: 233.59 | EA547: 233.0336 | EB547: 233.35987 | EC547: 234.15044 | ED547: 236.36132 | EE547: 239.43233 | EF547: 242.93332 | EG547: 247.42335 | EH547: 252.35107 | EI547: 257.41879 | EJ547: 262.9678 | EK547: 268.55208 | EL547: 274.27527 | EM547: 279.97776 | EN547: 285.87711 | EO547: 292.53249 | EP547: 299.04587 | EQ547: 304.53866 | ER547: 310.01539 | ES547: 315.06827 | ET547: 319.48991 | EU547: 323.27507 | EV547: 326.4904 | EW547: 329.03894 | EX547: 330.96505 | EY547: 332.15316 | EZ547: 332.79408 | FA547: 332.88208
A548: United Arab Emirates | B548: ARE | C548: =VLOOKUP(B548,CountryCodes!$B$4:$C$179,2,FALSE) -> MEA | D548: Total | E548: Total available scrap | F548: SCRAP | G548: kt | H548: 0 | I548: 0 | J548: 0 | K548: 0 | L548: 0 | M548: 0 | N548: 0 | O548: 0 | P548: 0 | Q548: 0 | R548: 0 | S548: 0 | T548: 0 | U548: 0 | V548: 0 | W548: 0 | X548: 0 | Y548: 0 | Z548: 0 | AA548: 0 | AB548: 6.5242191 | AC548: 6.3909557 | AD548: 27.175128 | AE548: 48.418435 | AF548: 67.676382 | AG548: 92.547764 | AH548: 175.38576 | AI548: 166.19675 | AJ548: 136.474 | AK548: 175.05849 | AL548: 188.31079 | AM548: 217.75928 | AN548: 233.70353 | AO548: 193.23089 | AP548: 157.58925 | AQ548: 170.67063 | AR548: 179.31574 | AS548: 195.9546 | AT548: 218.85465 | AU548: 277.91267 | AV548: 304.58189 | AW548: 339.52691 | AX548: 381.61354 | AY548: 397.12832 | AZ548: 527.03487 | BA548: 514.42293 | BB548: 566.91347 | BC548: 496.88547 | BD548: 799.58434 | BE548: 672.16315 | BF548: 676.54353 | BG548: 729.49443 | BH548: 869.74314 | BI548: 997.76726 | BJ548: 1071.8626 | BK548: 1200.2094 | BL548: 1759.0819 | BM548: 2029.4484 | BN548: 2674.8236 | BO548: 1687.1949 | BP548: 1411.8276 | BQ548: 1519.7655 | BR548: 2025.5738 | BS548: 2147.5696 | BT548: 2255.7026 | BU548: 2311.8729 | BV548: 2341.648 | BW548: 2935.8104 | BX548: 3130.8961 | BY548: 3320.9888 | BZ548: 3054.2387 | CA548: 2682.3355 | CB548: 2921.6048 | CC548: 3326.3836 | CD548: 3785.0009 | CE548: 4025.6329 | CF548: 3931.882 | CG548: 3827.9693 | CH548: 3832.1566 | CI548: 3988.0045 | CJ548: 4266.4291 | CK548: 4557.8672 | CL548: 4772.7552 | CM548: 4856.0807 | CN548: 4833.6815 | CO548: 4772.3788 | CP548: 4738.7535 | CQ548: 4768.1926 | CR548: 4853.0323 | CS548: 4963.3329 | CT548: 5066.3418 | CU548: 5150.7282 | CV548: 5222.1622 | CW548: 5295.0796 | CX548: 5379.4173 | CY548: 5473.4447 | CZ548: 5565.5563 | DA548: 5650.0575 | DB548: 5721.8863 | DC548: 5779.4506 | DD548: 5841.615 | DE548: 5917.5343 | DF548: 6016.1036 | DG548: 6135.9852 | DH548: 6269.0861 | DI548: 6406.9355 | DJ548: 6539.8258 | DK548: 6670.1951 | DL548: 6798.5051 | DM548: 6924.2266 | DN548: 7046.5012 | DO548: 7163.8443 | DP548: 7280.1784 | DQ548: 7393.745 | DR548: 7505.0902 | DS548: 7618.6202 | DT548: 7735.3448 | DU548: 7857.3383 | DV548: 7985.163 | DW548: 8115.0208 | DX548: 8245.6839 | DY548: 8372.8947 | DZ548: 8499.0988 | EA548: 8620.3326 | EB548: 8740.3411 | EC548: 8853.7493 | ED548: 8965.5695 | EE548: 9073.8456 | EF548: 9179.1367 | EG548: 9281.4232 | EH548: 9382.7085 | EI548: 9482.4972 | EJ548: 9581.8099 | EK548: 9679.5117 | EL548: 9775.7257 | EM548: 9869.0609 | EN548: 9960.9041 | EO548: 10051.518 | EP548: 10140.509 | EQ548: 10226.943 | ER548: 10312.135 | ES548: 10394.173 | ET548: 10476.176 | EU548: 10557.247 | EV548: 10637.72 | EW548: 10717.381 | EX548: 10796.232 | EY548: 10874.582 | EZ548: 10951.996 | FA548: 11029.758
A549: Argentina | B549: ARG | C549: =VLOOKUP(B549,CountryCodes!$B$4:$C$179,2,FALSE) -> LAM | D549: Total | E549: Total available scrap | F549: SCRAP | G549: kt | H549: 0 | I549: 69.670832 | J549: 72.373296 | K549: 80.541225 | L549: 86.134779 | M549: 100.62749 | N549: 106.6363 | O549: 122.60182 | P549: 123.42609 | Q549: 138.35919 | R549: 181.93104 | S549: 224.46578 | T549: 250.23228 | U549: 179.28108 | V549: 262.73114 | W549: 370.94729 | X549: 297.093 | Y549: 304.25778 | Z549: 349.30978 | AA549: 500.58095 | AB549: 524.44953 | AC549: 559.91561 | AD549: 593.57477 | AE549: 617.37318 | AF549: 654.41074 | AG549: 735.00584 | AH549: 655.20966 | AI549: 764.46251 | AJ549: 687.38238 | AK549: 865.17292 | AL549: 862.88969 | AM549: 792.43273 | AN549: 837.3112 | AO549: 903.12906 | AP549: 912.46015 | AQ549: 878.56659 | AR549: 912.94719 | AS549: 1028.0122 | AT549: 1014.4556 | AU549: 886.9873 | AV549: 881.74362 | AW549: 950.38431 | AX549: 1117.4308 | AY549: 1110.943 | AZ549: 1225.3308 | BA549: 1125.795 | BB549: 1201.8699 | BC549: 1344.6564 | BD549: 1365.9506 | BE549: 1200.1836 | BF549: 1190.8028 | BG549: 1136.8388 | BH549: 1028.3954 | BI549: 1227.2186 | BJ549: 1399.9131 | BK549: 1450.478 | BL549: 1535.7384 | BM549: 1592.625 | BN549: 1704.1668 | BO549: 1397.9526 | BP549: 1792.8555 | BQ549: 1920.0373 | BR549: 1820.075 | BS549: 1882.4712 | BT549: 1877.2543 | BU549: 1980.8055 | BV549: 1903.0034 | BW549: 2301.5378 | BX549: 2330.9438 | BY549: 2157.8165 | BZ549: 2009.0172 | CA549: 2287.758 | CB549: 2352.0608 | CC549: 2395.9992 | CD549: 2683.8601 | CE549: 2756.7065 | CF549: 2832.9737 | CG549: 2920.822 | CH549: 3015.1704 | CI549: 3113.8247 | CJ549: 3213.3104 | CK549: 3306.795 | CL549: 3394.5538 | CM549: 3482.7024 | CN549: 3579.0406 | CO549: 3686.3389 | CP549: 3803.4316 | CQ549: 3927.1009 | CR549: 4052.1282 | CS549: 4174.945 | CT549: 4294.5908 | CU549: 4414.361 | CV549: 4535.8371 | CW549: 4661.5857 | CX549: 4792.5291 | CY549: 4927.5793 | CZ549: 5065.6949 | DA549: 5206.2083 | DB549: 5349.8217 | DC549: 5496.3542 | DD549: 5646.0644 | DE549: 5796.6116 | DF549: 5946.5149 | DG549: 6095.8115 | DH549: 6243.4335 | DI549: 6391.1196 | DJ549: 6537.6722 | DK549: 6684.8539 | DL549: 6834.4936 | DM549: 6986.5678 | DN549: 7142.4273 | DO549: 7299.1705 | DP549: 7458.5899 | DQ549: 7619.3337 | DR549: 7780.7054 | DS549: 7941.6285 | DT549: 8101.3672 | DU549: 8259.7814 | DV549: 8414.8771 | DW549: 8565.4008 | DX549: 8713.3561 | DY549: 8859.1442 | DZ549: 9000.9123 | EA549: 9141.2994 | EB549: 9277.2536 | EC549: 9409.4798 | ED549: 9541.1033 | EE549: 9668.0137 | EF549: 9793.2077 | EG549: 9912.0462 | EH549: 10028.897 | EI549: 10141.255 | EJ549: 10249.561 | EK549: 10352.869 | EL549: 10452.324 | EM549: 10548.125 | EN549: 10638.397 | EO549: 10725.595 | EP549: 10808.33 | EQ549: 10885.913 | ER549: 10958.091 | ES549: 11025.449 | ET549: 11089.584 | EU549: 11149.134 | EV549: 11205.102 | EW549: 11258.009 | EX549: 11305.381 | EY549: 11350.118 | EZ549: 11391.927 | FA549: 11430.515
A550: Armenia | B550: ARM | C550: =VLOOKUP(B550,CountryCodes!$B$4:$C$179,2,FALSE) -> ASC | D550: Total | E550: Total available scrap | F550: SCRAP | G550: kt | H550: 0 | I550: 0.0088553315 | J550: 0.0092787077 | K550: 0.010204077 | L550: 0.011121951 | M550: 0.012626616 | N550: 0.013854899 | O550: 0.015742141 | P550: 0.015773409 | Q550: 0.018281148 | R550: 0.021330327 | S550: 0.023228576 | T550: 0.025867524 | U550: 0.036629903 | V550: 0.034356014 | W550: 0.029868636 | X550: 0.025104366 | Y550: 0.11853647 | Z550: 0.098724534 | AA550: 0.090469457 | AB550: 0.061487639 | AC550: 0.052990362 | AD550: 0.061892823 | AE550: 0.084524519 | AF550: 0.11150143 | AG550: 0.13141534 | AH550: 0.16563195 | AI550: 0.14476873 | AJ550: 0.16154538 | AK550: 0.17810169 | AL550: 0.18617907 | AM550: 0.21360377 | AN550: 0.24561837 | AO550: 0.27516016 | AP550: 0.26760447 | AQ550: 0.27642819 | AR550: 0.28638287 | AS550: 0.28100875 | AT550: 0.29543115 | AU550: 0.32071501 | AV550: 0.30151104 | AW550: 0.31769184 | AX550: 0.28865862 | AY550: 0.59677154 | AZ550: 0.33012387 | BA550: 0.36758679 | BB550: 0.69624696 | BC550: 0.69666369 | BD550: 0.38370655 | BE550: 5.495737 | BF550: 2.10284 | BG550: 3.9062683 | BH550: 7.6577513 | BI550: 12.50987 | BJ550: 10.471222 | BK550: 14.392294 | BL550: 23.556007 | BM550: 27.819585 | BN550: 35.05802 | BO550: 29.031736 | BP550: 36.160456 | BQ550: 32.304277 | BR550: 34.196999 | BS550: 38.801658 | BT550: 45.909856 | BU550: 51.339715 | BV550: 51.196899 | BW550: 54.413787 | BX550: 61.223308 | BY550: 69.056203 | BZ550: 76.687237 | CA550: 82.071916 | CB550: 88.348262 | CC550: 107.66464 | CD550: 124.88253 | CE550: 112.27423 | CF550: 119.8094 | CG550: 127.88152 | CH550: 136.77992 | CI550: 145.73872 | CJ550: 154.47593 | CK550: 163.44062 | CL550: 172.91018 | CM550: 183.70854 | CN550: 195.11154 | CO550: 207.36953 | CP550: 219.47695 | CQ550: 231.82545 | CR550: 243.72939 | CS550: 255.53857 | CT550: 266.41687 | CU550: 278.11001 | CV550: 289.83426 | CW550: 300.92339 | CX550: 312.15652 | CY550: 323.20545 | CZ550: 333.11318 | DA550: 342.53666 | DB550: 351.60113 | DC550: 360.45397 | DD550: 369.05969 | DE550: 377.57141 | DF550: 385.25991 | DG550: 392.93672 | DH550: 402.53524 | DI550: 409.02675 | DJ550: 417.94372 | DK550: 425.67759 | DL550: 433.16448 | DM550: 442.03112 | DN550: 449.17905 | DO550: 456.98676 | DP550: 464.25059 | DQ550: 471.95932 | DR550: 477.94712 | DS550: 484.67239 | DT550: 493.24759 | DU550: 501.39462 | DV550: 509.01185 | DW550: 516.09038 | DX550: 523.011 | DY550: 529.56201 | DZ550: 535.87588 | EA550: 541.93937 | EB550: 547.90895 | EC550: 553.98428 | ED550: 559.92976 | EE550: 565.98169 | EF550: 571.46783 | EG550: 576.82992 | EH550: 582.25299 | EI550: 587.38187 | EJ550: 592.35515 | EK550: 597.18552 | EL550: 602.02377 | EM550: 606.38187 | EN550: 610.62166 | EO550: 614.59816 | EP550: 620.61687 | EQ550: 626.39858 | ER550: 632.0641 | ES550: 637.56321 | ET550: 643.15646 | EU550: 649.06893 | EV550: 654.65625 | EW550: 660.53364 | EX550: 666.84642 | EY550: 672.88922 | EZ550: 678.74004 | FA550: 684.65002
A551: Australia | B551: AUS | C551: =VLOOKUP(B551,CountryCodes!$B$4:$C$179,2,FALSE) -> ANZ | D551: Total | E551: Total available scrap | F551: SCRAP | G551: kt | H551: 0 | I551: 134.31849 | J551: 155.38438 | K551: 209.57612 | L551: 222.15442 | M551: 216.1574 | N551: 235.6863 | O551: 326.95525 | P551: 353.87586 | Q551: 397.18274 | R551: 455.35333 | S551: 481.43068 | T551: 556.13592 | U551: 576.8855 | V551: 782.88719 | W551: 922.05981 | X551: 905.63948 | Y551: 1074.0277 | Z551: 1199.7313 | AA551: 1294.812 | AB551: 1423.6805 | AC551: 1553.1968 | AD551: 1487.5945 | AE551: 1778.5885 | AF551: 1940.3051 | AG551: 1863.3994 | AH551: 1930.124 | AI551: 1948.6047 | AJ551: 2079.5433 | AK551: 2342.9345 | AL551: 2396.7578 | AM551: 2534.2914 | AN551: 2470.9125 | AO551: 2368.6192 | AP551: 2665.5179 | AQ551: 2719.1561 | AR551: 2770.9459 | AS551: 2704.9814 | AT551: 2864.7692 | AU551: 2983.9683 | AV551: 2771.7864 | AW551: 2700.1541 | AX551: 2739.7587 | AY551: 2974.2743 | AZ551: 3059.273 | BA551: 3020.8352 | BB551: 3019.9673 | BC551: 3147.0326 | BD551: 3094.3666 | BE551: 3057.1324 | BF551: 2823.983 | BG551: 2883.4344 | BH551: 3087.8374 | BI551: 3254.4734 | BJ551: 3468.9678 | BK551: 3663.7303 | BL551: 3657.4287 | BM551: 3802.1801 | BN551: 3948.3718 | BO551: 3570.3156 | BP551: 4096.7817 | BQ551: 4069.0569 | BR551: 4224.7793 | BS551: 4131.5266 | BT551: 4225.4012 | BU551: 4425.5711 | BV551: 4549.9269 | BW551: 4903.0872 | BX551: 5057.3971 | BY551: 5194.5925 | BZ551: 4423.8612 | CA551: 4745.7661 | CB551: 4877.972 | CC551: 5093.4604 | CD551: 6163.0698 | CE551: 6241.9827 | CF551: 6246.1776 | CG551: 6229.6717 | CH551: 6278.7861 | CI551: 6422.4188 | CJ551: 6608.4456 | CK551: 6771.9797 | CL551: 6839.9635 | CM551: 6829.9787 | CN551: 6809.3041 | CO551: 6832.7457 | CP551: 6939.7158 | CQ551: 7110.6679 | CR551: 7295.6529 | CS551: 7486.7918 | CT551: 7610.97 | CU551: 7713.724 | CV551: 7795.3409 | CW551: 7880.0765 | CX551: 7971.803 | CY551: 8086.2847 | CZ551: 8215.7304 | DA551: 8346.7781 | DB551: 8433.504 | DC551: 8563.4351 | DD551: 8645.0318 | DE551: 8752.6519 | DF551: 8855.7938 | DG551: 8945.9658 | DH551: 9034.9699 | DI551: 9116.3848 | DJ551: 9184.501 | DK551: 9237.7857 | DL551: 9309.0564 | DM551: 9404.1807 | DN551: 9474.798 | DO551: 9576.6632 | DP551: 9693.4428 | DQ551: 9806.7448 | DR551: 9925.1098 | DS551: 10016.249 | DT551: 10139.523 | DU551: 10263.968 | DV551: 10369.21 | DW551: 10468.097 | DX551: 10554.492 | DY551: 10629.026 | DZ551: 10698.131 | EA551: 10782.747 | EB551: 10871.682 | EC551: 10963.569 | ED551: 11046.169 | EE551: 11129.711 | EF551: 11228.934 | EG551: 11315.181 | EH551: 11403.213 | EI551: 11491.527 | EJ551: 11598.188 | EK551: 11669.236 | EL551: 11765.813 | EM551: 11822.197 | EN551: 11904.023 | EO551: 11995.074 | EP551: 12085.721 | EQ551: 12185.298 | ER551: 12243.732 | ES551: 12331.157 | ET551: 12405.618 | EU551: 12470.168 | EV551: 12538.378 | EW551: 12585.675 | EX551: 12669.884 | EY551: 12757.206 | EZ551: 12837.667 | FA551: 12881.022
A552: Austria | B552: AUT | C552: =VLOOKUP(B552,CountryCodes!$B$4:$C$179,2,FALSE) -> EUW | D552: Total | E552: Total available scrap | F552: SCRAP | G552: kt | H552: 0 | I552: 38.008883 | J552: 49.451859 | K552: 66.945998 | L552: 109.48809 | M552: 127.1117 | N552: 163.14493 | O552: 221.27467 | P552: 208.26019 | Q552: 228.06403 | R552: 325.1212 | S552: 326.38833 | T552: 320.73398 | U552: 282.18367 | V552: 342.46942 | W552: 390.97673 | X552: 421.83457 | Y552: 426.20318 | Z552: 507.79226 | AA552: 564.36581 | AB552: 660.39926 | AC552: 675.47153 | AD552: 734.56789 | AE552: 821.8972 | AF552: 873.09144 | AG552: 751.32706 | AH552: 872.96994 | AI552: 886.30897 | AJ552: 929.30547 | AK552: 982.0195 | AL552: 995.83387 | AM552: 972.05005 | AN552: 946.51926 | AO552: 985.90266 | AP552: 1016.2663 | AQ552: 1019.6144 | AR552: 1082.1772 | AS552: 1060.0494 | AT552: 1110.8317 | AU552: 1172.6431 | AV552: 1148.3273 | AW552: 1212.1388 | AX552: 1189.0777 | AY552: 1167.6091 | AZ552: 1293.8655 | BA552: 1252.508 | BB552: 1065.9655 | BC552: 1297.9552 | BD552: 1191.3536 | BE552: 1251.3142 | BF552: 1330.5543 | BG552: 1314.9284 | BH552: 1312.2405 | BI552: 1306.4292 | BJ552: 1064.01 | BK552: 1388.8181 | BL552: 1436.0973 | BM552: 1507.1881 | BN552: 1451.9225 | BO552: 1309.4387 | BP552: 1365.1656 | BQ552: 1482.2387 | BR552: 1556.3753 | BS552: 1569.8049 | BT552: 1582.4665 | BU552: 1572.9832 | BV552: 1585.2571 | BW552: 1908.0807 | BX552: 1991.6056 | BY552: 2013.6939 | BZ552: 1895.9302 | CA552: 2082.7545 | CB552: 2048.1274 | CC552: 1899.2549 | CD552: 1775.5063 | CE552: 1873.6508 | CF552: 1963.2833 | CG552: 2042.249 | CH552: 2107.3412 | CI552: 2178.1475 | CJ552: 2264.4934 | CK552: 2366.5317 | CL552: 2462.9604 | CM552: 2528.2212 | CN552: 2560.3292 | CO552: 2552.8697 | CP552: 2536.3866 | CQ552: 2519.3491 | CR552: 2507.6722 | CS552: 2521.954 | CT552: 2531.9789 | CU552: 2547.5531 | CV552: 2561.6564 | CW552: 2568.9417 | CX552: 2577.3051 | CY552: 2580.103 | CZ552: 2587.6907 | DA552: 2589.1776 | DB552: 2587.9552 | DC552: 2584.6249 | DD552: 2580.5736 | DE552: 2583.9544 | DF552: 2593.7141 | DG552: 2605.3506 | DH552: 2620.2291 | DI552: 2641.1177 | DJ552: 2660.5243 | DK552: 2675.7528 | DL552: 2681.0296 | DM552: 2687.4826 | DN552: 2687.6408 | DO552: 2685.7707 | DP552: 2681.1992 | DQ552: 2672.8706 | DR552: 2667.1772 | DS552: 2666.9125 | DT552: 2661.9971 | DU552: 2664.7981 | DV552: 2672.6207 | DW552: 2681.3583 | DX552: 2689.3659 | DY552: 2700.969 | DZ552: 2708.8297 | EA552: 2710.8876 | EB552: 2715.2769 | EC552: 2712.1206 | ED552: 2710.7848 | EE552: 2702.6201 | EF552: 2688.2859 | EG552: 2678.7643 | EH552: 2668.5518 | EI552: 2658.0021 | EJ552: 2642.8545 | EK552: 2628.1534 | EL552: 2614.4768 | EM552: 2599.6036 | EN552: 2588.7308 | EO552: 2578.3315 | EP552: 2567.2866 | EQ552: 2551.83 | ER552: 2539.3704 | ES552: 2530.7112 | ET552: 2519.7254 | EU552: 2511.1038 | EV552: 2499.3103 | EW552: 2489.665 | EX552: 2475.3475 | EY552: 2464.0839 | EZ552: 2450.6058 | FA552: 2440.7731
A553: Azerbaijan | B553: AZE | C553: =VLOOKUP(B553,CountryCodes!$B$4:$C$179,2,FALSE) -> ASC | D553: Total | E553: Total available scrap | F553: SCRAP | G553: kt | H553: 0 | I553: 0.20542368 | J553: 0.21585223 | K553: 0.23678293 | L553: 0.25812255 | M553: 0.2924246 | N553: 0.32156028 | O553: 0.36477913 | P553: 0.36818307 | Q553: 0.42329535 | R553: 0.49301606 | S553: 0.53894557 | T553: 0.59986732 | U553: 0.67414468 | V553: 0.48791888 | W553: 0.48621619 | X553: 0.45209535 | Y553: 4.0946593 | Z553: 3.3837707 | AA553: 2.5079833 | AB553: 1.3093169 | AC553: 1.3202738 | AD553: 1.8264444 | AE553: 2.5618438 | AF553: 3.3673062 | AG553: 3.3300187 | AH553: 4.0010721 | AI553: 3.4973689 | AJ553: 4.2285632 | AK553: 5.0967879 | AL553: 5.4391995 | AM553: 5.8317757 | AN553: 6.2549206 | AO553: 6.8257839 | AP553: 7.3323911 | AQ553: 8.0385392 | AR553: 8.1114842 | AS553: 8.5833296 | AT553: 8.5099117 | AU553: 8.6572346 | AV553: 7.947859 | AW553: 7.9173539 | AX553: 7.9398813 | AY553: 10.413289 | AZ553: 8.6465035 | BA553: 14.400834 | BB553: 35.97904 | BC553: 35.21682 | BD553: 51.212117 | BE553: 38.103833 | BF553: 36.905114 | BG553: 47.850074 | BH553: 68.910713 | BI553: 115.2727 | BJ553: 125.6309 | BK553: 135.30312 | BL553: 163.82122 | BM553: 174.8597 | BN553: 216.98347 | BO553: 200.524 | BP553: 218.33215 | BQ553: 269.25342 | BR553: 293.8187 | BS553: 325.22993 | BT553: 332.68277 | BU553: 354.32494 | BV553: 294.93323 | BW553: 279.73086 | BX553: 333.78545 | BY553: 372.21341 | BZ553: 370.67233 | CA553: 357.90288 | CB553: 364.17357 | CC553: 438.61464 | CD553: 636.75858 | CE553: 708.31918 | CF553: 737.9156 | CG553: 764.56977 | CH553: 793.18424 | CI553: 827.2866 | CJ553: 863.58895 | CK553: 898.48916 | CL553: 933.35507 | CM553: 971.87219 | CN553: 1017.9715 | CO553: 1074.8443 | CP553: 1141.3807 | CQ553: 1213.1182 | CR553: 1286.4189 | CS553: 1356.1453 | CT553: 1423.2562 | CU553: 1484.6747 | CV553: 1544.2345 | CW553: 1602.7823 | CX553: 1661.6919 | CY553: 1719.4956 | CZ553: 1779.8169 | DA553: 1836.3031 | DB553: 1895.2197 | DC553: 1951.0018 | DD553: 2003.3757 | DE553: 2058.3221 | DF553: 2108.4632 | DG553: 2156.6296 | DH553: 2199.9345 | DI553: 2242.7956 | DJ553: 2281.4711 | DK553: 2320.158 | DL553: 2358.7635 | DM553: 2401.3246 | DN553: 2440.8049 | DO553: 2480.7717 | DP553: 2521.3358 | DQ553: 2563.6048 | DR553: 2601.2524 | DS553: 2636.8481 | DT553: 2668.3242 | DU553: 2699.7146 | DV553: 2725.3953 | DW553: 2750.4486 | DX553: 2773.4922 | DY553: 2792.0068 | DZ553: 2812.5236 | EA553: 2832.8561 | EB553: 2852.5848 | EC553: 2875.7009 | ED553: 2895.9218 | EE553: 2921.1376 | EF553: 2944.4323 | EG553: 2970.994 | EH553: 2995.2866 | EI553: 3021.7732 | EJ553: 3049.7956 | EK553: 3078.7244 | EL553: 3109.1868 | EM553: 3137.696 | EN553: 3167.114 | EO553: 3198.4537 | EP553: 3228.3939 | EQ553: 3260.5405 | ER553: 3291.6306 | ES553: 3322.4347 | ET553: 3354.9496 | EU553: 3386.1706 | EV553: 3416.9171 | EW553: 3447.5923 | EX553: 3477.4295 | EY553: 3508.7197 | EZ553: 3537.0871 | FA553: 3564.6118
A554: Burundi | B554: BDI | C554: =VLOOKUP(B554,CountryCodes!$B$4:$C$179,2,FALSE) -> AFE | D554: Total | E554: Total available scrap | F554: SCRAP | G554: kt | H554: 0 | I554: 0.13178374 | J554: 0.13809711 | K554: 0.15341618 | L554: 0.16831317 | M554: 0.19312575 | N554: 0.21172194 | O554: 0.24164 | P554: 0.2377016 | Q554: 0.27948567 | R554: 0.32957212 | S554: 0.35651514 | T554: 0.38862741 | U554: 0.69051959 | V554: 0.64093535 | W554: 1.2075094 | X554: 0.53858168 | Y554: 0.71913209 | Z554: 1.0469193 | AA554: 0.82870062 | AB554: 1.0623223 | AC554: 1.0397319 | AD554: 1.1701702 | AE554: 1.1137912 | AF554: 1.4872172 | AG554: 1.2252922 | AH554: 1.7005735 | AI554: 2.1777729 | AJ554: 2.5091373 | AK554: 2.6636917 | AL554: 2.5595845 | AM554: 3.1730181 | AN554: 4.4129921 | AO554: 3.4725391 | AP554: 4.9079429 | AQ554: 3.857968 | AR554: 4.4068084 | AS554: 4.8455547 | AT554: 4.2188631 | AU554: 4.3072461 | AV554: 5.7672609 | AW554: 4.9592547 | AX554: 5.4945078 | AY554: 6.0396489 | AZ554: 5.778328 | BA554: 6.4342305 | BB554: 5.3432583 | BC554: 5.626732 | BD554: 6.6640395 | BE554: 6.6034578 | BF554: 7.2685848 | BG554: 6.6527492 | BH554: 6.9682861 | BI554: 7.1614805 | BJ554: 7.9799266 | BK554: 9.2108717 | BL554: 8.7775698 | BM554: 10.144817 | BN554: 9.3534732 | BO554: 11.946343 | BP554: 12.989297 | BQ554: 13.309349 | BR554: 13.076497 | BS554: 12.494042 | BT554: 12.29317 | BU554: 12.140729 | BV554: 14.68063 | BW554: 15.425926 | BX554: 16.625359 | BY554: 19.021105 | BZ554: 19.607834 | CA554: 20.738447 | CB554: 22.169988 | CC554: 23.921353 | CD554: 25.417336 | CE554: 26.37146 | CF554: 27.475533 | CG554: 28.724322 | CH554: 30.349855 | CI554: 32.286748 | CJ554: 33.902104 | CK554: 35.852626 | CL554: 38.100619 | CM554: 40.290412 | CN554: 42.617844 | CO554: 45.015569 | CP554: 47.65881 | CQ554: 50.742245 | CR554: 53.740371 | CS554: 56.720241 | CT554: 59.989004 | CU554: 63.296752 | CV554: 66.720533 | CW554: 71.200749 | CX554: 75.061163 | CY554: 79.666977 | CZ554: 84.157414 | DA554: 88.169535 | DB554: 94.301398 | DC554: 99.43837 | DD554: 106.21836 | DE554: 111.43955 | DF554: 118.47793 | DG554: 125.95138 | DH554: 133.73561 | DI554: 142.18441 | DJ554: 150.37114 | DK554: 160.22669 | DL554: 169.70251 | DM554: 180.62929 | DN554: 192.79218 | DO554: 205.23818 | DP554: 218.96267 | DQ554: 233.5152 | DR554: 248.59495 | DS554: 266.00162 | DT554: 286.26318 | DU554: 304.7181 | DV554: 326.73446 | DW554: 348.6305 | DX554: 373.41727 | DY554: 401.08397 | DZ554: 426.92476 | EA554: 459.99454 | EB554: 494.26789 | EC554: 529.7655 | ED554: 571.24084 | EE554: 611.01249 | EF554: 661.32656 | EG554: 709.42849 | EH554: 763.52992 | EI554: 818.45051 | EJ554: 887.10521 | EK554: 953.81288 | EL554: 1023.139 | EM554: 1104.9291 | EN554: 1194.2571 | EO554: 1281.3112 | EP554: 1376.7048 | EQ554: 1487.6145 | ER554: 1601.2541 | ES554: 1712.9403 | ET554: 1838.7366 | EU554: 1973.2257 | EV554: 2113.9513 | EW554: 2267.7582 | EX554: 2409.6723 | EY554: 2567.3283 | EZ554: 2732.4578 | FA554: 2903.6736
A555: Belgium | B555: BEL | C555: =VLOOKUP(B555,CountryCodes!$B$4:$C$179,2,FALSE) -> EUW | D555: Total | E555: Total available scrap | F555: SCRAP | G555: kt | H555: 0 | I555: 450.00239 | J555: 412.69179 | K555: 271.69876 | L555: 336.55184 | M555: 459.79956 | N555: 530.08597 | O555: 486.81949 | P555: 466.49115 | Q555: 479.72589 | R555: 585.70098 | S555: 564.71107 | T555: 353.8793 | U555: 678.97803 | V555: 828.00268 | W555: 844.6656 | X555: 911.86434 | Y555: 1020.8694 | Z555: 1133.9572 | AA555: 1355.4886 | AB555: 1374.1508 | AC555: 1395.1405 | AD555: 1453.3523 | AE555: 1578.4449 | AF555: 1671.4885 | AG555: 1303.6603 | AH555: 1517.8598 | AI555: 1465.7316 | AJ555: 1584.4786 | AK555: 1699.3221 | AL555: 1645.0921 | AM555: 1624.8057 | AN555: 1623.6024 | AO555: 1700.4391 | AP555: 1845.2296 | AQ555: 1771.8571 | AR555: 1771.6192 | AS555: 1533.7303 | AT555: 1823.8971 | AU555: 1783.1196 | AV555: 1787.2265 | AW555: 1749.912 | AX555: 1661.8719 | AY555: 1639.9192 | AZ555: 1699.1665 | BA555: 1687.006 | BB555: 1537.9879 | BC555: 1600.8412 | BD555: 1658.1825 | BE555: 1497.5641 | BF555: 1596.542 | BG555: 1403.1582 | BH555: 1380.9711 | BI555: 1549.9396 | BJ555: 1721.4088 | BK555: 1676.4533 | BL555: 1756.4735 | BM555: 1851.1393 | BN555: 1684.9841 | BO555: 1300.8811 | BP555: 1489.5261 | BQ555: 1679.5724 | BR555: 1685.9684 | BS555: 1415.79 | BT555: 1534.3271 | BU555: 1641.1913 | BV555: 1964.3242 | BW555: 1881.5316 | BX555: 1936.3351 | BY555: 1981.2685 | BZ555: 2016.9274 | CA555: 1928.4868 | CB555: 1924.5977 | CC555: 2157.6626 | CD555: 1945.5359 | CE555: 1956.9571 | CF555: 1995.1619 | CG555: 2053.0806 | CH555: 2125.0276 | CI555: 2198.0614 | CJ555: 2264.9177 | CK555: 2320.7878 | CL555: 2371.3925 | CM555: 2416.0191 | CN555: 2454.7528 | CO555: 2481.9879 | CP555: 2506.9507 | CQ555: 2530.8865 | CR555: 2557.896 | CS555: 2583.5712 | CT555: 2611.5473 | CU555: 2643.3009 | CV555: 2678.4113 | CW555: 2706.1919 | CX555: 2731.8212 | CY555: 2753.1764 | CZ555: 2764.3096 | DA555: 2773.2685 | DB555: 2777.7334 | DC555: 2779.121 | DD555: 2780.0951 | DE555: 2782.3582 | DF555: 2782.5052 | DG555: 2783.4311 | DH555: 2787.9133 | DI555: 2797.1783 | DJ555: 2803.3762 | DK555: 2806.0077 | DL555: 2806.1401 | DM555: 2815.0169 | DN555: 2808.2462 | DO555: 2802.2673 | DP555: 2786.7019 | DQ555: 2779.2638 | DR555: 2767.1127 | DS555: 2756.2389 | DT555: 2746.067 | DU555: 2736.6059 | DV555: 2728.2262 | DW555: 2717.0128 | DX555: 2710.0938 | DY555: 2701.1256 | DZ555: 2698.681 | EA555: 2689.8888 | EB555: 2680.0271 | EC555: 2670.4274 | ED555: 2663.0049 | EE555: 2653.59 | EF555: 2639.2759 | EG555: 2624.5272 | EH555: 2617.5969 | EI555: 2604.5533 | EJ555: 2599.5913 | EK555: 2583.5425 | EL555: 2576.8126 | EM555: 2565.6723 | EN555: 2557.2206 | EO555: 2546.0771 | EP555: 2533.8942 | EQ555: 2525.3807 | ER555: 2518.9592 | ES555: 2510.6948 | ET555: 2502.8616 | EU555: 2490.7987 | EV555: 2485.5418 | EW555: 2476.6361 | EX555: 2472.2613 | EY555: 2467.8848 | EZ555: 2460.6043 | FA555: 2450.2081
A556: Benin | B556: BEN | C556: =VLOOKUP(B556,CountryCodes!$B$4:$C$179,2,FALSE) -> AFW | D556: Total | E556: Total available scrap | F556: SCRAP | G556: kt | H556: 0 | I556: 0.47317206 | J556: 0.49730019 | K556: 0.55097035 | L556: 0.60428127 | M556: 0.69280335 | N556: 0.76441713 | O556: 0.87635361 | P556: 0.87439344 | Q556: 1.0236164 | R556: 1.2076293 | S556: 1.3152682 | T556: 1.3978286 | U556: 2.6357901 | V556: 2.7396501 | W556: 2.2479472 | X556: 1.7810711 | Y556: 2.4628583 | Z556: 2.666323 | AA556: 3.8322904 | AB556: 3.8620288 | AC556: 3.9539298 | AD556: 4.983727 | AE556: 4.0980351 | AF556: 5.6353126 | AG556: 5.2083451 | AH556: 6.1630879 | AI556: 6.432766 | AJ556: 6.179189 | AK556: 8.955637 | AL556: 8.2811932 | AM556: 10.114962 | AN556: 10.601041 | AO556: 7.08128 | AP556: 7.7551472 | AQ556: 8.3097269 | AR556: 9.0246583 | AS556: 9.09366 | AT556: 8.7776535 | AU556: 10.636593 | AV556: 8.7497977 | AW556: 10.885712 | AX556: 14.611323 | AY556: 15.74835 | AZ556: 15.61499 | BA556: 17.709755 | BB556: 18.997981 | BC556: 21.306706 | BD556: 19.425819 | BE556: 23.093648 | BF556: 21.454482 | BG556: 25.585264 | BH556: 29.199354 | BI556: 32.139486 | BJ556: 24.521131 | BK556: 31.137581 | BL556: 35.70183 | BM556: 51.525139 | BN556: 46.13811 | BO556: 55.678183 | BP556: 56.402392 | BQ556: 65.021914 | BR556: 65.02294 | BS556: 65.673347 | BT556: 72.371654 | BU556: 75.386241 | BV556: 75.903369 | BW556: 59.189574 | BX556: 62.422777 | BY556: 79.796692 | BZ556: 80.465747 | CA556: 91.907863 | CB556: 93.278498 | CC556: 154.67838 | CD556: 124.20191 | CE556: 129.81589 | CF556: 136.49121 | CG556: 144.30196 | CH556: 153.38425 | CI556: 161.59588 | CJ556: 167.77119 | CK556: 173.07165 | CL556: 180.5743 | CM556: 190.5966 | CN556: 203.3526 | CO556: 217.8167 | CP556: 232.72119 | CQ556: 246.95271 | CR556: 260.72393 | CS556: 275.36745 | CT556: 290.14377 | CU556: 306.52142 | CV556: 324.32318 | CW556: 343.69752 | CX556: 363.72599 | CY556: 384.71663 | CZ556: 408.13258 | DA556: 431.62775 | DB556: 456.60046 | DC556: 483.57819 | DD556: 511.78022 | DE556: 541.21723 | DF556: 571.94926 | DG556: 604.08424 | DH556: 636.91571 | DI556: 673.38987 | DJ556: 711.12776 | DK556: 749.75805 | DL556: 793.16727 | DM556: 837.57681 | DN556: 885.75188 | DO556: 935.63276 | DP556: 987.95969 | DQ556: 1043.8491 | DR556: 1101.7484 | DS556: 1163.46 | DT556: 1226.4677 | DU556: 1290.963 | DV556: 1359.5656 | DW556: 1431.3584 | DX556: 1508.3367 | DY556: 1586.4241 | DZ556: 1665.9151 | EA556: 1752.0137 | EB556: 1837.5152 | EC556: 1928.1365 | ED556: 2018.2868 | EE556: 2117.1612 | EF556: 2218.218 | EG556: 2321.6516 | EH556: 2427.7609 | EI556: 2536.8747 | EJ556: 2649.5438 | EK556: 2769.0198 | EL556: 2884.0933 | EM556: 3001.5507 | EN556: 3127.1118 | EO556: 3249.7413 | EP556: 3380.0444 | EQ556: 3508.7338 | ER556: 3639.2147 | ES556: 3767.04 | ET556: 3901.4933 | EU556: 4038.8495 | EV556: 4172.8732 | EW556: 4315.5161 | EX556: 4448.3405 | EY556: 4584.8326 | EZ556: 4713.7976 | FA556: 4855.3205
... A720: Zimbabwe | B720: ZWE | C720: =VLOOKUP(B720,CountryCodes!$B$4:$C$179,2,FALSE) -> AFZ | D720: Total | E720: Total available scrap | F720: SCRAP | G720: kt | H720: 0 | I720: 7.0190808 | J720: 8.2219519 | K720: 8.147015 | L720: 7.7878576 | M720: 12.205694 | N720: 13.164656 | O720: 17.107453 | P720: 17.801589 | Q720: 17.1205 | R720: 21.279281 | S720: 41.414721 | T720: 45.834073 | U720: 46.664498 | V720: 57.030906 | W720: 49.532976 | X720: 46.272979 | Y720: 41.99953 | Z720: 48.512603 | AA720: 60.271869 | AB720: 64.260166 | AC720: 74.640015 | AD720: 88.997107 | AE720: 95.804857 | AF720: 100.37626 | AG720: 109.16234 | AH720: 143.55744 | AI720: 149.36621 | AJ720: 165.22025 | AK720: 161.96815 | AL720: 170.29188 | AM720: 158.45333 | AN720: 143.03829 | AO720: 157.91122 | AP720: 124.35806 | AQ720: 162.87378 | AR720: 164.24618 | AS720: 177.11863 | AT720: 163.74721 | AU720: 176.01825 | AV720: 170.25916 | AW720: 171.26535 | AX720: 177.21034 | AY720: 149.4475 | AZ720: 181.48848 | BA720: 192.40961 | BB720: 198.48759 | BC720: 195.46757 | BD720: 209.49777 | BE720: 186.10114 | BF720: 165.60616 | BG720: 151.7352 | BH720: 160.61878 | BI720: 148.38561 | BJ720: 126.98907 | BK720: 123.86798 | BL720: 121.7853 | BM720: 125.45325 | BN720: 132.54019 | BO720: 149.47411 | BP720: 206.41352 | BQ720: 209.32639 | BR720: 214.21451 | BS720: 215.26472 | BT720: 208.37088 | BU720: 217.98789 | BV720: 175.50354 | BW720: 140.85958 | BX720: 145.24365 | BY720: 144.43167 | BZ720: 149.96369 | CA720: 155.0825 | CB720: 161.76661 | CC720: 237.87827 | CD720: 244.88285 | CE720: 259.37333 | CF720: 268.78599 | CG720: 276.65383 | CH720: 284.51725 | CI720: 290.7176 | CJ720: 294.57684 | CK720: 295.95104 | CL720: 298.91471 | CM720: 305.38669 | CN720: 314.75619 | CO720: 324.96939 | CP720: 339.74868 | CQ720: 351.01467 | CR720: 362.98471 | CS720: 373.75217 | CT720: 382.75853 | CU720: 392.54455 | CV720: 404.18791 | CW720: 410.09772 | CX720: 423.0709 | CY720: 430.83592 | CZ720: 442.67781 | DA720: 454.14082 | DB720: 465.57724 | DC720: 479.64474 | DD720: 491.33087 | DE720: 504.61441 | DF720: 517.09194 | DG720: 525.18136 | DH720: 535.4461 | DI720: 540.83093 | DJ720: 551.15627 | DK720: 557.17321 | DL720: 569.03047 | DM720: 577.25255 | DN720: 587.40936 | DO720: 599.22785 | DP720: 614.04024 | DQ720: 627.53432 | DR720: 640.86193 | DS720: 651.09004 | DT720: 668.26702 | DU720: 679.2589 | DV720: 694.74751 | DW720: 706.507 | DX720: 720.6627 | DY720: 732.58621 | DZ720: 746.40289 | EA720: 765.80463 | EB720: 780.30266 | EC720: 792.407 | ED720: 807.48353 | EE720: 825.86176 | EF720: 841.72293 | EG720: 857.19878 | EH720: 876.23337 | EI720: 895.15465 | EJ720: 913.38226 | EK720: 928.93325 | EL720: 950.80786 | EM720: 970.77734 | EN720: 990.14649 | EO720: 1013.2514 | EP720: 1035.0886 | EQ720: 1049.319 | ER720: 1076.239 | ES720: 1100.1345 | ET720: 1116.4566 | EU720: 1142.605 | EV720: 1158.9186 | EW720: 1193.3869 | EX720: 1215.9399 | EY720: 1233.9051 | EZ720: 1261.1107 | FA720: 1284.3282
A725: AGGREGATION | C725: OMNIA_Region | E725: Metric | G725: Units | H725: 1951 | I725: 1952 | J725: 1953 | K725: 1954 | L725: 1955 | M725: 1956 | N725: 1957 | O725: 1958 | P725: 1959 | Q725: 1960 | R725: 1961 | S725: 1962 | T725: 1963 | U725: 1964 | V725: 1965 | W725: 1966 | X725: 1967 | Y725: 1968 | Z725: 1969 | AA725: 1970 | AB725: 1971 | AC725: 1972 | AD725: 1973 | AE725: 1974 | AF725: 1975 | AG725: 1976 | AH725: 1977 | AI725: 1978 | AJ725: 1979 | AK725: 1980 | AL725: 1981 | AM725: 1982 | AN725: 1983 | AO725: 1984 | AP725: 1985 | AQ725: 1986 | AR725: 1987 | AS725: 1988 | AT725: 1989 | AU725: 1990 | AV725: 1991 | AW725: 1992 | AX725: 1993 | AY725: 1994 | AZ725: 1995 | BA725: 1996 | BB725: 1997 | BC725: 1998 | BD725: 1999 | BE725: 2000 | BF725: 2001 | BG725: 2002 | BH725: 2003 | BI725: 2004 | BJ725: 2005 | BK725: 2006 | BL725: 2007 | BM725: 2008 | BN725: 2009 | BO725: 2010 | BP725: 2011 | BQ725: 2012 | BR725: 2013 | BS725: 2014 | BT725: 2015 | BU725: 2016 | BV725: 2017 | BW725: 2018 | BX725: 2019 | BY725: 2020 | BZ725: 2021 | CA725: 2022 | CB725: 2023 | CC725: 2024 | CD725: 2025 | CE725: 2026 | CF725: 2027 | CG725: 2028 | CH725: 2029 | CI725: 2030 | CJ725: 2031 | CK725: 2032 | CL725: 2033 | CM725: 2034 | CN725: 2035 | CO725: 2036 | CP725: 2037 | CQ725: 2038 | CR725: 2039 | CS725: 2040 | CT725: 2041 | CU725: 2042 | CV725: 2043 | CW725: 2044 | CX725: 2045 | CY725: 2046 | CZ725: 2047 | DA725: 2048 | DB725: 2049 | DC725: 2050 | DD725: 2051 | DE725: 2052 | DF725: 2053 | DG725: 2054 | DH725: 2055 | DI725: 2056 | DJ725: 2057 | DK725: 2058 | DL725: 2059 | DM725: 2060 | DN725: 2061 | DO725: 2062 | DP725: 2063 | DQ725: 2064 | DR725: 2065 | DS725: 2066 | DT725: 2067 | DU725: 2068 | DV725: 2069 | DW725: 2070 | DX725: 2071 | DY725: 2072 | DZ725: 2073 | EA725: 2074 | EB725: 2075 | EC725: 2076 | ED725: 2077 | EE725: 2078 | EF725: 2079 | EG725: 2080 | EH725: 2081 | EI725: 2082 | EJ725: 2083 | EK725: 2084 | EL725: 2085 | EM725: 2086 | EN725: 2087 | EO725: 2088 | EP725: 2089 | EQ725: 2090 | ER725: 2091 | ES725: 2092 | ET725: 2093 | EU725: 2094 | EV725: 2095 | EW725: 2096 | EX725: 2097 | EY725: 2098 | EZ725: 2099 | FA725: 2100
C726: AFE | E726: End-use steel consumption [kt] | F726: EUSC | G726: Kt | H726: =SUMIFS(H$4:H$720,$F$4:$F$720,$F726,$C$4:$C$720,$C726) -> 139.7344 | I726: =SUMIFS(I$4:I$720,$F$4:$F$720,$F726,$C$4:$C$720,$C726) -> 146.57161 | J726: =SUMIFS(J$4:J$720,$F$4:$F$720,$F726,$C$4:$C$720,$C726) -> 161.87631 | K726: =SUMIFS(K$4:K$720,$F$4:$F$720,$F726,$C$4:$C$720,$C726) -> 176.92222 | L726: =SUMIFS(L$4:L$720,$F$4:$F$720,$F726,$C$4:$C$720,$C726) -> 200.32739 | M726: =SUMIFS(M$4:M$720,$F$4:$F$720,$F726,$C$4:$C$720,$C726) -> 215.48672 | N726: =SUMIFS(N$4:N$720,$F$4:$F$720,$F726,$C$4:$C$720,$C726) -> 239.52918 | O726: =SUMIFS(O$4:O$720,$F$4:$F$720,$F726,$C$4:$C$720,$C726) -> 230.41263 | ... FA726: =SUMIFS(FA$4:FA$720,$F$4:$F$720,$F726,$C$4:$C$720,$C726) -> 311217.2
C727: AFN | E727: End-use steel consumption [kt] | F727: EUSC | G727: Kt | H727: =SUMIFS(H$4:H$720,$F$4:$F$720,$F727,$C$4:$C$720,$C727) -> 298.86057 | I727: =SUMIFS(I$4:I$720,$F$4:$F$720,$F727,$C$4:$C$720,$C727) -> 312.65165 | J727: =SUMIFS(J$4:J$720,$F$4:$F$720,$F727,$C$4:$C$720,$C727) -> 367.6024 | K727: =SUMIFS(K$4:K$720,$F$4:$F$720,$F727,$C$4:$C$720,$C727) -> 422.45051 | L727: =SUMIFS(L$4:L$720,$F$4:$F$720,$F727,$C$4:$C$720,$C727) -> 477.92968 | M727: =SUMIFS(M$4:M$720,$F$4:$F$720,$F727,$C$4:$C$720,$C727) -> 481.04186 | N727: =SUMIFS(N$4:N$720,$F$4:$F$720,$F727,$C$4:$C$720,$C727) -> 542.71408 | O727: =SUMIFS(O$4:O$720,$F$4:$F$720,$F727,$C$4:$C$720,$C727) -> 542.11629 | ... FA727: =SUMIFS(FA$4:FA$720,$F$4:$F$720,$F727,$C$4:$C$720,$C727) -> 80840.917
C728: AFW | E728: End-use steel consumption [kt] | F728: EUSC | G728: Kt | H728: =SUMIFS(H$4:H$720,$F$4:$F$720,$F728,$C$4:$C$720,$C728) -> 283.62777 | I728: =SUMIFS(I$4:I$720,$F$4:$F$720,$F728,$C$4:$C$720,$C728) -> 297.35423 | J728: =SUMIFS(J$4:J$720,$F$4:$F$720,$F728,$C$4:$C$720,$C728) -> 328.87543 | K728: =SUMIFS(K$4:K$720,$F$4:$F$720,$F728,$C$4:$C$720,$C728) -> 359.68704 | L728: =SUMIFS(L$4:L$720,$F$4:$F$720,$F728,$C$4:$C$720,$C728) -> 407.86672 | M728: =SUMIFS(M$4:M$720,$F$4:$F$720,$F728,$C$4:$C$720,$C728) -> 438.7508 | N728: =SUMIFS(N$4:N$720,$F$4:$F$720,$F728,$C$4:$C$720,$C728) -> 488.38235 | O728: =SUMIFS(O$4:O$720,$F$4:$F$720,$F728,$C$4:$C$720,$C728) -> 468.61941 | ... FA728: =SUMIFS(FA$4:FA$720,$F$4:$F$720,$F728,$C$4:$C$720,$C728) -> 242001.99
C729: AFZ | E729: End-use steel consumption [kt] | F729: EUSC | G729: Kt | H729: =SUMIFS(H$4:H$720,$F$4:$F$720,$F729,$C$4:$C$720,$C729) -> 951.25553 | I729: =SUMIFS(I$4:I$720,$F$4:$F$720,$F729,$C$4:$C$720,$C729) -> 1192.7111 | J729: =SUMIFS(J$4:J$720,$F$4:$F$720,$F729,$C$4:$C$720,$C729) -> 1231.0159 | K729: =SUMIFS(K$4:K$720,$F$4:$F$720,$F729,$C$4:$C$720,$C729) -> 1329.5807 | L729: =SUMIFS(L$4:L$720,$F$4:$F$720,$F729,$C$4:$C$720,$C729) -> 1450.3758 | M729: =SUMIFS(M$4:M$720,$F$4:$F$720,$F729,$C$4:$C$720,$C729) -> 1483.6579 | N729: =SUMIFS(N$4:N$720,$F$4:$F$720,$F729,$C$4:$C$720,$C729) -> 1680.0551 | O729: =SUMIFS(O$4:O$720,$F$4:$F$720,$F729,$C$4:$C$720,$C729) -> 1760.5985 | ... FA729: =SUMIFS(FA$4:FA$720,$F$4:$F$720,$F729,$C$4:$C$720,$C729) -> 87766.901
C730: NIG | E730: End-use steel consumption [kt] | F730: EUSC | G730: Kt | H730: =SUMIFS(H$4:H$720,$F$4:$F$720,$F730,$C$4:$C$720,$C730) -> 81.209532 | I730: =SUMIFS(I$4:I$720,$F$4:$F$720,$F730,$C$4:$C$720,$C730) -> 84.598255 | J730: =SUMIFS(J$4:J$720,$F$4:$F$720,$F730,$C$4:$C$720,$C730) -> 92.6811 | K730: =SUMIFS(K$4:K$720,$F$4:$F$720,$F730,$C$4:$C$720,$C730) -> 100.51022 | L730: =SUMIFS(L$4:L$720,$F$4:$F$720,$F730,$C$4:$C$720,$C730) -> 112.81453 | M730: =SUMIFS(M$4:M$720,$F$4:$F$720,$F730,$C$4:$C$720,$C730) -> 120.53713 | N730: =SUMIFS(N$4:N$720,$F$4:$F$720,$F730,$C$4:$C$720,$C730) -> 133.20214 | O730: =SUMIFS(O$4:O$720,$F$4:$F$720,$F730,$C$4:$C$720,$C730) -> 127.88552 | ... FA730: =SUMIFS(FA$4:FA$720,$F$4:$F$720,$F730,$C$4:$C$720,$C730) -> 93486.091
C731: RUS | E731: End-use steel consumption [kt] | F731: EUSC | G731: Kt | H731: =SUMIFS(H$4:H$720,$F$4:$F$720,$F731,$C$4:$C$720,$C731) -> 12919.705 | I731: =SUMIFS(I$4:I$720,$F$4:$F$720,$F731,$C$4:$C$720,$C731) -> 14160.918 | J731: =SUMIFS(J$4:J$720,$F$4:$F$720,$F731,$C$4:$C$720,$C731) -> 15704.342 | K731: =SUMIFS(K$4:K$720,$F$4:$F$720,$F731,$C$4:$C$720,$C731) -> 17106.384 | L731: =SUMIFS(L$4:L$720,$F$4:$F$720,$F731,$C$4:$C$720,$C731) -> 18836.792 | M731: =SUMIFS(M$4:M$720,$F$4:$F$720,$F731,$C$4:$C$720,$C731) -> 20281.368 | N731: =SUMIFS(N$4:N$720,$F$4:$F$720,$F731,$C$4:$C$720,$C731) -> 21207.365 | O731: =SUMIFS(O$4:O$720,$F$4:$F$720,$F731,$C$4:$C$720,$C731) -> 22942.476 | ... FA731: =SUMIFS(FA$4:FA$720,$F$4:$F$720,$F731,$C$4:$C$720,$C731) -> 36200.992
C732: ASC | E732: End-use steel consumption [kt] | F732: EUSC | G732: Kt | H732: =SUMIFS(H$4:H$720,$F$4:$F$720,$F732,$C$4:$C$720,$C732) -> 1183.5463 | I732: =SUMIFS(I$4:I$720,$F$4:$F$720,$F732,$C$4:$C$720,$C732) -> 1307.9795 | J732: =SUMIFS(J$4:J$720,$F$4:$F$720,$F732,$C$4:$C$720,$C732) -> 1456.3839 | K732: =SUMIFS(K$4:K$720,$F$4:$F$720,$F732,$C$4:$C$720,$C732) -> 1593.1014 | L732: =SUMIFS(L$4:L$720,$F$4:$F$720,$F732,$C$4:$C$720,$C732) -> 1756.025 | M732: =SUMIFS(M$4:M$720,$F$4:$F$720,$F732,$C$4:$C$720,$C732) -> 1896.4759 | N732: =SUMIFS(N$4:N$720,$F$4:$F$720,$F732,$C$4:$C$720,$C732) -> 1990.6687 | O732: =SUMIFS(O$4:O$720,$F$4:$F$720,$F732,$C$4:$C$720,$C732) -> 2155.2655 | ... FA732: =SUMIFS(FA$4:FA$720,$F$4:$F$720,$F732,$C$4:$C$720,$C732) -> 81782.789
C733: ASE | E733: End-use steel consumption [kt] | F733: EUSC | G733: Kt | H733: =SUMIFS(H$4:H$720,$F$4:$F$720,$F733,$C$4:$C$720,$C733) -> 419.55502 | I733: =SUMIFS(I$4:I$720,$F$4:$F$720,$F733,$C$4:$C$720,$C733) -> 431.92738 | J733: =SUMIFS(J$4:J$720,$F$4:$F$720,$F733,$C$4:$C$720,$C733) -> 479.12093 | K733: =SUMIFS(K$4:K$720,$F$4:$F$720,$F733,$C$4:$C$720,$C733) -> 518.4886 | L733: =SUMIFS(L$4:L$720,$F$4:$F$720,$F733,$C$4:$C$720,$C733) -> 585.57669 | M733: =SUMIFS(M$4:M$720,$F$4:$F$720,$F733,$C$4:$C$720,$C733) -> 629.71453 | N733: =SUMIFS(N$4:N$720,$F$4:$F$720,$F733,$C$4:$C$720,$C733) -> 698.76914 | O733: =SUMIFS(O$4:O$720,$F$4:$F$720,$F733,$C$4:$C$720,$C733) -> 672.36429 | ... FA733: =SUMIFS(FA$4:FA$720,$F$4:$F$720,$F733,$C$4:$C$720,$C733) -> 45362.34
C734: CHN | E734: End-use steel consumption [kt] | F734: EUSC | G734: Kt | H734: =SUMIFS(H$4:H$720,$F$4:$F$720,$F734,$C$4:$C$720,$C734) -> 1015.1543 | I734: =SUMIFS(I$4:I$720,$F$4:$F$720,$F734,$C$4:$C$720,$C734) -> 1422.4762 | J734: =SUMIFS(J$4:J$720,$F$4:$F$720,$F734,$C$4:$C$720,$C734) -> 1680.0962 | K734: =SUMIFS(K$4:K$720,$F$4:$F$720,$F734,$C$4:$C$720,$C734) -> 2449.9949 | L734: =SUMIFS(L$4:L$720,$F$4:$F$720,$F734,$C$4:$C$720,$C734) -> 3119.504 | M734: =SUMIFS(M$4:M$720,$F$4:$F$720,$F734,$C$4:$C$720,$C734) -> 3973.4029 | N734: =SUMIFS(N$4:N$720,$F$4:$F$720,$F734,$C$4:$C$720,$C734) -> 4955.6999 | O734: =SUMIFS(O$4:O$720,$F$4:$F$720,$F734,$C$4:$C$720,$C734) -> 11725.256 | ... FA734: =SUMIFS(FA$4:FA$720,$F$4:$F$720,$F734,$C$4:$C$720,$C734) -> 184539.05
C735: IDN | E735: End-use steel consumption [kt] | F735: EUSC | G735: Kt | H735: =SUMIFS(H$4:H$720,$F$4:$F$720,$F735,$C$4:$C$720,$C735) -> 535.05716 | I735: =SUMIFS(I$4:I$720,$F$4:$F$720,$F735,$C$4:$C$720,$C735) -> 559.43966 | J735: =SUMIFS(J$4:J$720,$F$4:$F$720,$F735,$C$4:$C$720,$C735) -> 616.41675 | K735: =SUMIFS(K$4:K$720,$F$4:$F$720,$F735,$C$4:$C$720,$C735) -> 672.14196 | L735: =SUMIFS(L$4:L$720,$F$4:$F$720,$F735,$C$4:$C$720,$C735) -> 759.41879 | M735: =SUMIFS(M$4:M$720,$F$4:$F$720,$F735,$C$4:$C$720,$C735) -> 815.18429 | N735: =SUMIFS(N$4:N$720,$F$4:$F$720,$F735,$C$4:$C$720,$C735) -> 905.22043 | O735: =SUMIFS(O$4:O$720,$F$4:$F$720,$F735,$C$4:$C$720,$C735) -> 869.17305 | ... FA735: =SUMIFS(FA$4:FA$720,$F$4:$F$720,$F735,$C$4:$C$720,$C735) -> 98188.19
C736: IND | E736: End-use steel consumption [kt] | F736: EUSC | G736: Kt | H736: =SUMIFS(H$4:H$720,$F$4:$F$720,$F736,$C$4:$C$720,$C736) -> 1367.5689 | I736: =SUMIFS(I$4:I$720,$F$4:$F$720,$F736,$C$4:$C$720,$C736) -> 1376.6939 | J736: =SUMIFS(J$4:J$720,$F$4:$F$720,$F736,$C$4:$C$720,$C736) -> 1329.5395 | K736: =SUMIFS(K$4:K$720,$F$4:$F$720,$F736,$C$4:$C$720,$C736) -> 1523.7628 | L736: =SUMIFS(L$4:L$720,$F$4:$F$720,$F736,$C$4:$C$720,$C736) -> 1519.5024 | M736: =SUMIFS(M$4:M$720,$F$4:$F$720,$F736,$C$4:$C$720,$C736) -> 1618.7967 | N736: =SUMIFS(N$4:N$720,$F$4:$F$720,$F736,$C$4:$C$720,$C736) -> 1649.8299 | O736: =SUMIFS(O$4:O$720,$F$4:$F$720,$F736,$C$4:$C$720,$C736) -> 1774.0618 | ... FA736: =SUMIFS(FA$4:FA$720,$F$4:$F$720,$F736,$C$4:$C$720,$C736) -> 329676.9
C737: ASO | E737: End-use steel consumption [kt] | F737: EUSC | G737: Kt | H737: =SUMIFS(H$4:H$720,$F$4:$F$720,$F737,$C$4:$C$720,$C737) -> 328.49584 | I737: =SUMIFS(I$4:I$720,$F$4:$F$720,$F737,$C$4:$C$720,$C737) -> 344.8035 | J737: =SUMIFS(J$4:J$720,$F$4:$F$720,$F737,$C$4:$C$720,$C737) -> 272.48462 | K737: =SUMIFS(K$4:K$720,$F$4:$F$720,$F737,$C$4:$C$720,$C737) -> 294.87304 | L737: =SUMIFS(L$4:L$720,$F$4:$F$720,$F737,$C$4:$C$720,$C737) -> 434.73302 | M737: =SUMIFS(M$4:M$720,$F$4:$F$720,$F737,$C$4:$C$720,$C737) -> 487.66608 | N737: =SUMIFS(N$4:N$720,$F$4:$F$720,$F737,$C$4:$C$720,$C737) -> 544.29999 | O737: =SUMIFS(O$4:O$720,$F$4:$F$720,$F737,$C$4:$C$720,$C737) -> 532.09001 | ... FA737: =SUMIFS(FA$4:FA$720,$F$4:$F$720,$F737,$C$4:$C$720,$C737) -> 180062.41
... C781: MDA | E781: Population | F781: POPN | G781: 000s | H781: =SUMIFS(H$4:H$720,$F$4:$F$720,$F781,$C$4:$C$720,$C781) -> 28116.217 | I781: =SUMIFS(I$4:I$720,$F$4:$F$720,$F781,$C$4:$C$720,$C781) -> 28962.324 | J781: =SUMIFS(J$4:J$720,$F$4:$F$720,$F781,$C$4:$C$720,$C781) -> 29843.838 | K781: =SUMIFS(K$4:K$720,$F$4:$F$720,$F781,$C$4:$C$720,$C781) -> 30755.792 | L781: =SUMIFS(L$4:L$720,$F$4:$F$720,$F781,$C$4:$C$720,$C781) -> 31676.76 | M781: =SUMIFS(M$4:M$720,$F$4:$F$720,$F781,$C$4:$C$720,$C781) -> 32603.702 | N781: =SUMIFS(N$4:N$720,$F$4:$F$720,$F781,$C$4:$C$720,$C781) -> 33690.528 | O781: =SUMIFS(O$4:O$720,$F$4:$F$720,$F781,$C$4:$C$720,$C781) -> 34788.402 | ... FA781: =SUMIFS(FA$4:FA$720,$F$4:$F$720,$F781,$C$4:$C$720,$C781) -> 157596.76
C782: AFE | E782: End-use steel consumption per capita [t/person] | G782: kg / cap | H782: =H726/H754*1000 -> 2.3864954 | I782: =I726/I754*1000 -> 2.4454202 | J782: =J726/J754*1000 -> 2.6373454 | K782: =K726/K754*1000 -> 2.8145198 | L782: =L726/L754*1000 -> 3.1098408 | M782: =M726/M754*1000 -> 3.2629722 | N782: =N726/N754*1000 -> 3.5362383 | O782: =O726/O754*1000 -> 3.3212549 | ... FA782: =FA726/FA754*1000 -> 248.94562
C783: AFN | E783: End-use steel consumption per capita [t/person] | G783: kg / cap | H783: =H727/H755*1000 -> 6.7404459 | I783: =I727/I755*1000 -> 6.8886151 | J783: =J727/J755*1000 -> 7.9059946 | K783: =K727/K755*1000 -> 8.8643175 | L783: =L727/L755*1000 -> 9.7859217 | M783: =M727/M755*1000 -> 9.6100587 | N783: =N727/N755*1000 -> 10.582906 | O783: =O727/O755*1000 -> 10.323332 | ... FA783: =FA727/FA755*1000 -> 248.83421
C784: AFW | E784: End-use steel consumption per capita [t/person] | G784: kg / cap | H784: =H728/H756*1000 -> 4.8260345 | I784: =I728/I756*1000 -> 4.9636979 | J784: =J728/J756*1000 -> 5.3841486 | K784: =K728/K756*1000 -> 5.7746931 | L784: =L728/L756*1000 -> 6.4182598 | M784: =M728/M756*1000 -> 6.7642586 | N784: =N728/N756*1000 -> 7.3735426 | O784: =O728/O756*1000 -> 6.9264231 | ... FA784: =FA728/FA756*1000 -> 187.76593
C785: AFZ | E785: End-use steel consumption per capita [t/person] | G785: kg / cap | H785: =H729/H757*1000 -> 31.007062 | I785: =I729/I757*1000 -> 38.136455 | J785: =J729/J757*1000 -> 38.593103 | K785: =K729/K757*1000 -> 40.862764 | L785: =L729/L757*1000 -> 43.668497 | M785: =M729/M757*1000 -> 43.737051 | N785: =N729/N757*1000 -> 48.466602 | O785: =O729/O757*1000 -> 49.678396 | ... FA785: =FA729/FA757*1000 -> 189.3049
C786: NIG | E786: End-use steel consumption per capita [t/person] | G786: kg / cap | H786: =H730/H758*1000 -> 2.1578847 | I786: =I730/I758*1000 -> 2.205705 | J786: =J730/J758*1000 -> 2.3716884 | K786: =K730/K758*1000 -> 2.5252854 | L786: =L730/L758*1000 -> 2.7820327 | M786: =M730/M758*1000 -> 2.9171513 | N786: =N730/N758*1000 -> 3.1630479 | O786: =O730/O758*1000 -> 2.9794177 | ... FA786: =FA730/FA758*1000 -> 196.114
C787: RUS | E787: End-use steel consumption per capita [t/person] | G787: kg / cap | H787: =H731/H759*1000 -> 124.08684 | I787: =I731/I759*1000 -> 134.13636 | J787: =J731/J759*1000 -> 146.65757 | K787: =K731/K759*1000 -> 157.48594 | L787: =L731/L759*1000 -> 170.77034 | M787: =M731/M759*1000 -> 181.0559 | N787: =N731/N759*1000 -> 186.35475 | O787: =O731/O759*1000 -> 198.36201 | ... FA787: =FA731/FA759*1000 -> 286.3118
C788: ASC | E788: End-use steel consumption per capita [t/person] | G788: kg / cap | H788: =H732/H760*1000 -> 34.291191 | I788: =I732/I760*1000 -> 37.078682 | J788: =J732/J760*1000 -> 40.385754 | K788: =K732/K760*1000 -> 43.206095 | L788: =L732/L760*1000 -> 46.550912 | M788: =M732/M760*1000 -> 49.094815 | N788: =N732/N760*1000 -> 50.266491 | O788: =O732/O760*1000 -> 53.038548 | ... FA788: =FA732/FA760*1000 -> 272.67757
C789: ASE | E789: End-use steel consumption per capita [t/person] | G789: kg / cap | H789: =H733/H761*1000 -> 6.4325512 | I789: =I733/I761*1000 -> 6.5433346 | J789: =J733/J761*1000 -> 7.1276097 | K789: =K733/K761*1000 -> 7.5563031 | L789: =L733/L761*1000 -> 8.3395195 | M789: =M733/M761*1000 -> 8.7545304 | N789: =N733/N761*1000 -> 9.4786057 | O789: =O733/O761*1000 -> 8.8879786 | ... FA789: =FA733/FA761*1000 -> 206.93438
C790: CHN | E790: End-use steel consumption per capita [t/person] | G790: kg / cap | H790: =H734/H762*1000 -> 1.8426477 | I790: =I734/I762*1000 -> 2.5368114 | J790: =J734/J762*1000 -> 2.9277184 | K790: =K734/K762*1000 -> 4.1824177 | L790: =L734/L762*1000 -> 5.2062837 | M790: =M734/M762*1000 -> 6.4832737 | N790: =N734/N762*1000 -> 7.9235944 | O790: =O734/O762*1000 -> 18.300383 | ... FA790: =FA734/FA762*1000 -> 287.98635
C791: IDN | E791: End-use steel consumption per capita [t/person] | G791: kg / cap | H791: =H735/H763*1000 -> 4.6899597 | I791: =I735/I763*1000 -> 4.7887538 | J791: =J735/J763*1000 -> 5.1421814 | K791: =K735/K763*1000 -> 5.4625856 | L791: =L735/L763*1000 -> 6.002793 | M791: =M735/M763*1000 -> 6.264377 | N791: =N735/N763*1000 -> 6.758847 | O791: =O735/O763*1000 -> 6.2987643 | ... FA791: =FA735/FA763*1000 -> 195.3509
C792: IND | E792: End-use steel consumption per capita [t/person] | G792: kg / cap | H792: =H736/H764*1000 -> 3.9077264 | I792: =I736/I764*1000 -> 3.8479349 | J792: =J736/J764*1000 -> 3.632869 | K792: =K736/K764*1000 -> 4.0716837 | L792: =L736/L764*1000 -> 3.9659175 | M792: =M736/M764*1000 -> 4.1268297 | N792: =N736/N764*1000 -> 4.1069536 | O792: =O736/O764*1000 -> 4.3186425 | ... FA792: =FA736/FA764*1000 -> 218.45832
C793: ASO | E793: End-use steel consumption per capita [t/person] | G793: kg / cap | H793: =H737/H765*1000 -> 3.4794784 | I793: =I737/I765*1000 -> 3.5783767 | J793: =J737/J765*1000 -> 2.7687841 | K793: =K737/K765*1000 -> 2.9328527 | L793: =L737/L765*1000 -> 4.2280295 | M793: =M737/M765*1000 -> 4.6345008 | N793: =N737/N765*1000 -> 5.0515624 | O793: =O737/O765*1000 -> 4.8191811 | ... FA793: =FA737/FA765*1000 -> 232.60968
... C809: MDA | E809: End-use steel consumption per capita [t/person] | G809: kg / cap | H809: =H753/H781*1000 -> 17.298706 | I809: =I753/I781*1000 -> 18.096266 | J809: =J753/J781*1000 -> 19.266302 | K809: =K753/K781*1000 -> 19.138036 | L809: =L753/L781*1000 -> 20.450928 | M809: =M753/M781*1000 -> 21.382908 | N809: =N753/N781*1000 -> 22.217008 | O809: =O753/O781*1000 -> 21.164814 | ... FA809: =FA753/FA781*1000 -> 309.19935
C810: AFE | E810: Total available scrap | F810: SCRAP | G810: kt | H810: =SUMIFS(H$4:H$720,$F$4:$F$720,$F810,$C$4:$C$720,$C810) -> 0 | I810: =SUMIFS(I$4:I$720,$F$4:$F$720,$F810,$C$4:$C$720,$C810) -> 20.084528 | J810: =SUMIFS(J$4:J$720,$F$4:$F$720,$F810,$C$4:$C$720,$C810) -> 21.140519 | K810: =SUMIFS(K$4:K$720,$F$4:$F$720,$F810,$C$4:$C$720,$C810) -> 23.590577 | L810: =SUMIFS(L$4:L$720,$F$4:$F$720,$F810,$C$4:$C$720,$C810) -> 26.00523 | M810: =SUMIFS(M$4:M$720,$F$4:$F$720,$F810,$C$4:$C$720,$C810) -> 29.996808 | N810: =SUMIFS(N$4:N$720,$F$4:$F$720,$F810,$C$4:$C$720,$C810) -> 33.046642 | O810: =SUMIFS(O$4:O$720,$F$4:$F$720,$F810,$C$4:$C$720,$C810) -> 37.869361 | ... FA810: =SUMIFS(FA$4:FA$720,$F$4:$F$720,$F810,$C$4:$C$720,$C810) -> 138957.22
C811: AFN | E811: Total available scrap | F811: SCRAP | G811: kt | H811: =SUMIFS(H$4:H$720,$F$4:$F$720,$F811,$C$4:$C$720,$C811) -> 0 | I811: =SUMIFS(I$4:I$720,$F$4:$F$720,$F811,$C$4:$C$720,$C811) -> 42.620824 | J811: =SUMIFS(J$4:J$720,$F$4:$F$720,$F811,$C$4:$C$720,$C811) -> 44.721119 | K811: =SUMIFS(K$4:K$720,$F$4:$F$720,$F811,$C$4:$C$720,$C811) -> 53.428944 | L811: =SUMIFS(L$4:L$720,$F$4:$F$720,$F811,$C$4:$C$720,$C811) -> 62.089088 | M811: =SUMIFS(M$4:M$720,$F$4:$F$720,$F811,$C$4:$C$720,$C811) -> 71.332125 | N811: =SUMIFS(N$4:N$720,$F$4:$F$720,$F811,$C$4:$C$720,$C811) -> 73.049197 | O811: =SUMIFS(O$4:O$720,$F$4:$F$720,$F811,$C$4:$C$720,$C811) -> 84.89145 | ... FA811: =SUMIFS(FA$4:FA$720,$F$4:$F$720,$F811,$C$4:$C$720,$C811) -> 77195.43
C812: AFW | E812: Total available scrap | F812: SCRAP | G812: kt | H812: =SUMIFS(H$4:H$720,$F$4:$F$720,$F812,$C$4:$C$720,$C812) -> 0 | I812: =SUMIFS(I$4:I$720,$F$4:$F$720,$F812,$C$4:$C$720,$C812) -> 40.71591 | J812: =SUMIFS(J$4:J$720,$F$4:$F$720,$F812,$C$4:$C$720,$C812) -> 42.838778 | K812: =SUMIFS(K$4:K$720,$F$4:$F$720,$F812,$C$4:$C$720,$C812) -> 47.880668 | L812: =SUMIFS(L$4:L$720,$F$4:$F$720,$F812,$C$4:$C$720,$C812) -> 52.8271 | M812: =SUMIFS(M$4:M$720,$F$4:$F$720,$F812,$C$4:$C$720,$C812) -> 61.061113 | N812: =SUMIFS(N$4:N$720,$F$4:$F$720,$F812,$C$4:$C$720,$C812) -> 67.363755 | O812: =SUMIFS(O$4:O$720,$F$4:$F$720,$F812,$C$4:$C$720,$C812) -> 77.413354 | ... FA812: =SUMIFS(FA$4:FA$720,$F$4:$F$720,$F812,$C$4:$C$720,$C812) -> 97399.122
C813: AFZ | E813: Total available scrap | F813: SCRAP | G813: kt | H813: =SUMIFS(H$4:H$720,$F$4:$F$720,$F813,$C$4:$C$720,$C813) -> 0 | I813: =SUMIFS(I$4:I$720,$F$4:$F$720,$F813,$C$4:$C$720,$C813) -> 147.02647 | J813: =SUMIFS(J$4:J$720,$F$4:$F$720,$F813,$C$4:$C$720,$C813) -> 185.52443 | K813: =SUMIFS(K$4:K$720,$F$4:$F$720,$F813,$C$4:$C$720,$C813) -> 190.74109 | L813: =SUMIFS(L$4:L$720,$F$4:$F$720,$F813,$C$4:$C$720,$C813) -> 206.52451 | M813: =SUMIFS(M$4:M$720,$F$4:$F$720,$F813,$C$4:$C$720,$C813) -> 228.19845 | N813: =SUMIFS(N$4:N$720,$F$4:$F$720,$F813,$C$4:$C$720,$C813) -> 240.85891 | O813: =SUMIFS(O$4:O$720,$F$4:$F$720,$F813,$C$4:$C$720,$C813) -> 284.02371 | ... FA813: =SUMIFS(FA$4:FA$720,$F$4:$F$720,$F813,$C$4:$C$720,$C813) -> 51147.996
C814: NIG | E814: Total available scrap | F814: SCRAP | G814: kt | H814: =SUMIFS(H$4:H$720,$F$4:$F$720,$F814,$C$4:$C$720,$C814) -> 0 | I814: =SUMIFS(I$4:I$720,$F$4:$F$720,$F814,$C$4:$C$720,$C814) -> 11.647767 | J814: =SUMIFS(J$4:J$720,$F$4:$F$720,$F814,$C$4:$C$720,$C814) -> 12.158724 | K814: =SUMIFS(K$4:K$720,$F$4:$F$720,$F814,$C$4:$C$720,$C814) -> 13.445716 | L814: =SUMIFS(L$4:L$720,$F$4:$F$720,$F814,$C$4:$C$720,$C814) -> 14.692566 | M814: =SUMIFS(M$4:M$720,$F$4:$F$720,$F814,$C$4:$C$720,$C814) -> 16.779421 | N814: =SUMIFS(N$4:N$720,$F$4:$F$720,$F814,$C$4:$C$720,$C814) -> 18.319959 | O814: =SUMIFS(O$4:O$720,$F$4:$F$720,$F814,$C$4:$C$720,$C814) -> 20.822978 | ... FA814: =SUMIFS(FA$4:FA$720,$F$4:$F$720,$F814,$C$4:$C$720,$C814) -> 44589.907
C815: RUS | E815: Total available scrap | F815: SCRAP | G815: kt | H815: =SUMIFS(H$4:H$720,$F$4:$F$720,$F815,$C$4:$C$720,$C815) -> 0 | I815: =SUMIFS(I$4:I$720,$F$4:$F$720,$F815,$C$4:$C$720,$C815) -> 2190.2619 | J815: =SUMIFS(J$4:J$720,$F$4:$F$720,$F815,$C$4:$C$720,$C815) -> 2400.6055 | K815: =SUMIFS(K$4:K$720,$F$4:$F$720,$F815,$C$4:$C$720,$C815) -> 2668.9391 | L815: =SUMIFS(L$4:L$720,$F$4:$F$720,$F815,$C$4:$C$720,$C815) -> 2916.7082 | M815: =SUMIFS(M$4:M$720,$F$4:$F$720,$F815,$C$4:$C$720,$C815) -> 3259.2155 | N815: =SUMIFS(N$4:N$720,$F$4:$F$720,$F815,$C$4:$C$720,$C815) -> 3612.3956 | O815: =SUMIFS(O$4:O$720,$F$4:$F$720,$F815,$C$4:$C$720,$C815) -> 3905.9504 | ... FA815: =SUMIFS(FA$4:FA$720,$F$4:$F$720,$F815,$C$4:$C$720,$C815) -> 37198.019
C816: ASC | E816: Total available scrap | F816: SCRAP | G816: kt | H816: =SUMIFS(H$4:H$720,$F$4:$F$720,$F816,$C$4:$C$720,$C816) -> 0 | I816: =SUMIFS(I$4:I$720,$F$4:$F$720,$F816,$C$4:$C$720,$C816) -> 181.79512 | J816: =SUMIFS(J$4:J$720,$F$4:$F$720,$F816,$C$4:$C$720,$C816) -> 201.40978 | K816: =SUMIFS(K$4:K$720,$F$4:$F$720,$F816,$C$4:$C$720,$C816) -> 225.24435 | L816: =SUMIFS(L$4:L$720,$F$4:$F$720,$F816,$C$4:$C$720,$C816) -> 247.60125 | M816: =SUMIFS(M$4:M$720,$F$4:$F$720,$F816,$C$4:$C$720,$C816) -> 277.13732 | N816: =SUMIFS(N$4:N$720,$F$4:$F$720,$F816,$C$4:$C$720,$C816) -> 308.5394 | O816: =SUMIFS(O$4:O$720,$F$4:$F$720,$F816,$C$4:$C$720,$C816) -> 336.3748 | ... FA816: =SUMIFS(FA$4:FA$720,$F$4:$F$720,$F816,$C$4:$C$720,$C816) -> 64846.219
C817: ASE | E817: Total available scrap | F817: SCRAP | G817: kt | H817: =SUMIFS(H$4:H$720,$F$4:$F$720,$F817,$C$4:$C$720,$C817) -> 0 | I817: =SUMIFS(I$4:I$720,$F$4:$F$720,$F817,$C$4:$C$720,$C817) -> 60.60693 | J817: =SUMIFS(J$4:J$720,$F$4:$F$720,$F817,$C$4:$C$720,$C817) -> 62.451345 | K817: =SUMIFS(K$4:K$720,$F$4:$F$720,$F817,$C$4:$C$720,$C817) -> 70.048609 | L817: =SUMIFS(L$4:L$720,$F$4:$F$720,$F817,$C$4:$C$720,$C817) -> 76.37603 | M817: =SUMIFS(M$4:M$720,$F$4:$F$720,$F817,$C$4:$C$720,$C817) -> 87.943869 | N817: =SUMIFS(N$4:N$720,$F$4:$F$720,$F817,$C$4:$C$720,$C817) -> 97.015645 | O817: =SUMIFS(O$4:O$720,$F$4:$F$720,$F817,$C$4:$C$720,$C817) -> 111.1155 | ... FA817: =SUMIFS(FA$4:FA$720,$F$4:$F$720,$F817,$C$4:$C$720,$C817) -> 42908.073
C818: CHN | E818: Total available scrap | F818: SCRAP | G818: kt | H818: =SUMIFS(H$4:H$720,$F$4:$F$720,$F818,$C$4:$C$720,$C818) -> 0 | I818: =SUMIFS(I$4:I$720,$F$4:$F$720,$F818,$C$4:$C$720,$C818) -> 147.79657 | J818: =SUMIFS(J$4:J$720,$F$4:$F$720,$F818,$C$4:$C$720,$C818) -> 210.36003 | K818: =SUMIFS(K$4:K$720,$F$4:$F$720,$F818,$C$4:$C$720,$C818) -> 249.77902 | L818: =SUMIFS(L$4:L$720,$F$4:$F$720,$F818,$C$4:$C$720,$C818) -> 369.48634 | M818: =SUMIFS(M$4:M$720,$F$4:$F$720,$F818,$C$4:$C$720,$C818) -> 474.82 | N818: =SUMIFS(N$4:N$720,$F$4:$F$720,$F818,$C$4:$C$720,$C818) -> 612.66097 | O818: =SUMIFS(O$4:O$720,$F$4:$F$720,$F818,$C$4:$C$720,$C818) -> 775.04659 | ... FA818: =SUMIFS(FA$4:FA$720,$F$4:$F$720,$F818,$C$4:$C$720,$C818) -> 306359.58
C819: IDN | E819: Total available scrap | F819: SCRAP | G819: kt | H819: =SUMIFS(H$4:H$720,$F$4:$F$720,$F819,$C$4:$C$720,$C819) -> 0 | I819: =SUMIFS(I$4:I$720,$F$4:$F$720,$F819,$C$4:$C$720,$C819) -> 77.259405 | J819: =SUMIFS(J$4:J$720,$F$4:$F$720,$F819,$C$4:$C$720,$C819) -> 81.018647 | K819: =SUMIFS(K$4:K$720,$F$4:$F$720,$F819,$C$4:$C$720,$C819) -> 90.178683 | L819: =SUMIFS(L$4:L$720,$F$4:$F$720,$F819,$C$4:$C$720,$C819) -> 99.160208 | M819: =SUMIFS(M$4:M$720,$F$4:$F$720,$F819,$C$4:$C$720,$C819) -> 114.13506 | N819: =SUMIFS(N$4:N$720,$F$4:$F$720,$F819,$C$4:$C$720,$C819) -> 125.47774 | O819: =SUMIFS(O$4:O$720,$F$4:$F$720,$F819,$C$4:$C$720,$C819) -> 143.63465 | ... FA819: =SUMIFS(FA$4:FA$720,$F$4:$F$720,$F819,$C$4:$C$720,$C819) -> 87906.572
C820: IND | E820: Total available scrap | F820: SCRAP | G820: kt | H820: =SUMIFS(H$4:H$720,$F$4:$F$720,$F820,$C$4:$C$720,$C820) -> 0 | I820: =SUMIFS(I$4:I$720,$F$4:$F$720,$F820,$C$4:$C$720,$C820) -> 216.02261 | J820: =SUMIFS(J$4:J$720,$F$4:$F$720,$F820,$C$4:$C$720,$C820) -> 216.10887 | K820: =SUMIFS(K$4:K$720,$F$4:$F$720,$F820,$C$4:$C$720,$C820) -> 206.27741 | L820: =SUMIFS(L$4:L$720,$F$4:$F$720,$F820,$C$4:$C$720,$C820) -> 241.20152 | M820: =SUMIFS(M$4:M$720,$F$4:$F$720,$F820,$C$4:$C$720,$C820) -> 241.75605 | N820: =SUMIFS(N$4:N$720,$F$4:$F$720,$F820,$C$4:$C$720,$C820) -> 265.2616 | O820: =SUMIFS(O$4:O$720,$F$4:$F$720,$F820,$C$4:$C$720,$C820) -> 277.68175 | ... FA820: =SUMIFS(FA$4:FA$720,$F$4:$F$720,$F820,$C$4:$C$720,$C820) -> 419997.3
C821: ASO | E821: Total available scrap | F821: SCRAP | G821: kt | H821: =SUMIFS(H$4:H$720,$F$4:$F$720,$F821,$C$4:$C$720,$C821) -> 0 | I821: =SUMIFS(I$4:I$720,$F$4:$F$720,$F821,$C$4:$C$720,$C821) -> 47.450333 | J821: =SUMIFS(J$4:J$720,$F$4:$F$720,$F821,$C$4:$C$720,$C821) -> 49.984981 | K821: =SUMIFS(K$4:K$720,$F$4:$F$720,$F821,$C$4:$C$720,$C821) -> 38.082034 | L821: =SUMIFS(L$4:L$720,$F$4:$F$720,$F821,$C$4:$C$720,$C821) -> 41.755211 | M821: =SUMIFS(M$4:M$720,$F$4:$F$720,$F821,$C$4:$C$720,$C821) -> 65.096087 | N821: =SUMIFS(N$4:N$720,$F$4:$F$720,$F821,$C$4:$C$720,$C821) -> 75.100425 | O821: =SUMIFS(O$4:O$720,$F$4:$F$720,$F821,$C$4:$C$720,$C821) -> 86.068133 | ... FA821: =SUMIFS(FA$4:FA$720,$F$4:$F$720,$F821,$C$4:$C$720,$C821) -> 104363.76
... C837: MDA | E837: Total available scrap | F837: SCRAP | G837: kt | H837: =SUMIFS(H$4:H$720,$F$4:$F$720,$F837,$C$4:$C$720,$C837) -> 0 | I837: =SUMIFS(I$4:I$720,$F$4:$F$720,$F837,$C$4:$C$720,$C837) -> 81.057558 | J837: =SUMIFS(J$4:J$720,$F$4:$F$720,$F837,$C$4:$C$720,$C837) -> 87.990729 | K837: =SUMIFS(K$4:K$720,$F$4:$F$720,$F837,$C$4:$C$720,$C837) -> 97.048948 | L837: =SUMIFS(L$4:L$720,$F$4:$F$720,$F837,$C$4:$C$720,$C837) -> 98.727335 | M837: =SUMIFS(M$4:M$720,$F$4:$F$720,$F837,$C$4:$C$720,$C837) -> 109.94209 | N837: =SUMIFS(N$4:N$720,$F$4:$F$720,$F837,$C$4:$C$720,$C837) -> 121.4249 | O837: =SUMIFS(O$4:O$720,$F$4:$F$720,$F837,$C$4:$C$720,$C837) -> 133.95862 | ... FA837: =SUMIFS(FA$4:FA$720,$F$4:$F$720,$F837,$C$4:$C$720,$C837) -> 53769.426

Sheet CountryCodes
G2: Source: dbase here - C:\Users\steve\OneDrive - University College London\DIAMOND\Sectors\IEA | R2: Source: OMNIA final documentation
A3: MISO2_country | B3: ISO3166-1-Alpha-3 | C3: OMNIA_Region | G3: Country | H3: ISO2 | I3: ISO3 | J3: Numeric | K3: region | R3: Model regions | S3: Description | T3: List of countries
A4: Afghanistan | B4: AFG | C4: =VLOOKUP(B4,$I$4:$K$217,3,FALSE) -> ASC | G4: Afghanistan | H4: AF | I4: AFG | J4: 4 | K4: ASC | R4: AFE | S4: Eastern Africa | T4: Ethiopia, Kenya, Sudan, Mauritius, Eritrea, South Sudan, Burundi, Comoros, Djibouti, Madagascar, Réunion, Rwanda, Somalia, Uganda
A5: Angola | B5: AGO | C5: =VLOOKUP(B5,$I$4:$K$217,3,FALSE) -> AFZ | G5: Albania | H5: AL | I5: ALB | J5: 8 | K5: ENE | R5: AFN | S5: Northern Africa | T5: Egypt, Algeria, Morocco, Libya, Tunisia
A6: Albania | B6: ALB | C6: =VLOOKUP(B6,$I$4:$K$217,3,FALSE) -> ENE | G6: Algeria | H6: DZ | I6: DZA | J6: 12 | K6: AFN | R6: AFW | S6: Western Africa | T6: Democratic Republic of the Congo, Cote d Ivoire, Ghana, Cameroon, Gabon, Benin, Senegal, Togo, Niger, The Republic of Congo, Burkina Faso, Cape Verde, Central African Republic, Chad, Equatorial Guinea, Gambia, Guinea, Guinea-Bissau, Lesotho, Liberia, Malawi, Mali, Mauritania, Sao Tome and Principe, Seychelles, Sierra Leone, Swaziland
A7: United Arab Emirates | B7: ARE | C7: =VLOOKUP(B7,$I$4:$K$217,3,FALSE) -> MEA | G7: Andorra | H7: AD | I7: AND | J7: 20 | K7: EUW | R7: AFZ | S7: Southern Africa | T7: Tanzania, Angola, Mozambique, Zimbabwe, Zambia, Botswana, Namibia, South Africa
A8: Argentina | B8: ARG | C8: =VLOOKUP(B8,$I$4:$K$217,3,FALSE) -> LAM | G8: Angola | H8: AO | I8: AGO | J8: 24 | K8: AFZ | R8: NIG | S8: Nigeria | T8: Nigeria
A9: Armenia | B9: ARM | C9: =VLOOKUP(B9,$I$4:$K$217,3,FALSE) -> ASC | G9: Antigua and Barbuda | H9: AG | I9: ATG | J9: 28 | K9: LAM | R9: RUS | S9: Russian Federation | T9: Russian Federation
A10: Australia | B10: AUS | C10: =VLOOKUP(B10,$I$4:$K$217,3,FALSE) -> ANZ | G10: Azerbaijan | H10: AZ | I10: AZE | J10: 31 | K10: ASC | R10: ASC | S10: Central Asia | T10: Kazakhstan, Uzbekistan, Turkmenistan, Azerbaijan, Mongolia, Georgia, Kyrgyzstan, Armenia, Tajikistan, Afghanistan
A11: Austria | B11: AUT | C11: =VLOOKUP(B11,$I$4:$K$217,3,FALSE) -> EUW | G11: Argentina | H11: AR | I11: ARG | J11: 32 | K11: LAM | R11: ASE | S11: Southeast Asia | T11: Thailand, Malaysia, Singapore, Myanmar, Cambodia, Brunei Darussalam, Lao People’s Democratic Republic, Democratic People's Republic of Korea, Cook Islands, East Timor, Fiji, French Polynesia, Kiribati, Macau, Maldives, New Caledonia, Palau, Papua New Guinea, Samoa, Solomon Islands, Tonga, Vanuatu
A12: Azerbaijan | B12: AZE | C12: =VLOOKUP(B12,$I$4:$K$217,3,FALSE) -> ASC | G12: Australia | H12: AU | I12: AUS | J12: 36 | K12: ANZ | R12: CHN | S12: China Mainland | T12: People's Republic of China, Hong Kong
